"Seller Group","Supplier","Date","Reference","Customer code","Customer name","Physical_Address1","Physical_Address2","Physical_Address3","Physical_Address4","Deliver1","Deliver2","Deliver3","Deliver4","Telephone","Product code","Product description","Quantity","Value","Rep"
"ALL Other","Mageu",23/07/2025,"CRN23375","P3958","BOTTOM LINE TRADING 19 T/A GLOBAL MOGWAD","GLOBAL MOGWADI 7 DAYS","THORNHILL","POLOKWANE","","STAND NO 498","CNR R521 DENDRON ROAD","DENDRON","","015 298 8531","MA013","Mageu  Mabele 10x1lt",-2,-296,15
"Sasol","Clippa",23/07/2025,"CRN23376","P3937","AZWI64(PTY)LTD T/A SASOL JORISSEN 3D EFT","5206 CELTIC MEADOWS","POLOKWANE","","","74 DORP STREET","POLOKWANE","","","084 778 8118","MEN060","Mentos Gum FF Bubble Fresh 60p",-1,-238,1
"Savemor","Waterberg NEW",23/07/2025,"CRN23377","P1064","TASOTIME (CAD)","81 THABO MBEKI STREET","","Mookgophong","0560","81 Thabo Mbeki Street","","Mookgopong","0560","014 743 2295","WBNEW1.5L","W/B Spring Water Still 12x1,5L",-1,-113,14
"Savemor","Energizer",23/07/2025,"CRN23378","P1064","TASOTIME (CAD)","81 THABO MBEKI STREET","","Mookgophong","0560","81 Thabo Mbeki Street","","Mookgopong","0560","014 743 2295","ENE203","Energizer Max 9V 1 Pack x 1",-10,-542,14
"ALL Other","Snack a Juice",23/07/2025,"CRN23379","P1416","SPIF BELEGGINGS (PTY)LTD  (7 D - I)","P.O. Box 1772","","Naboomspruit","","Plaas 348","","Naboomspruit","0560","014 743 0047","SJ204","Snack a Juice App S/C 100% 24x500ml",-1,-344,14
"ALL Other","Foxi Snax",23/07/2025,"IN-422455","P3990","ERIC LOUW HIGH SCHOOL (7D EFT)","PTIVATE BAG X626","MUSINA","","","IRWIN STREET 43","MUSINA","","","015 534 0707","FNP001","Foxi Puffs Fruit Chutney 20x50g",2,171.30,16
"ALL Other","Foxi Snax",23/07/2025,"IN-422455","P3990","ERIC LOUW HIGH SCHOOL (7D EFT)","PTIVATE BAG X626","MUSINA","","","IRWIN STREET 43","MUSINA","","","015 534 0707","FNP002","Foxi Puffs Salt Vinegar 20x50g",2,171.30,16
"ALL Other","Aquelle",23/07/2025,"IN-422455","P3990","ERIC LOUW HIGH SCHOOL (7D EFT)","PTIVATE BAG X626","MUSINA","","","IRWIN STREET 43","MUSINA","","","015 534 0707","QU602","aQuelle Naartjie 6x500ml",1,42,16
"ALL Other","Aquelle",23/07/2025,"IN-422455","P3990","ERIC LOUW HIGH SCHOOL (7D EFT)","PTIVATE BAG X626","MUSINA","","","IRWIN STREET 43","MUSINA","","","015 534 0707","QU603","aQuelle Strawberry 6x500ml",4,168,16
"ALL Other","Aquelle",23/07/2025,"IN-422455","P3990","ERIC LOUW HIGH SCHOOL (7D EFT)","PTIVATE BAG X626","MUSINA","","","IRWIN STREET 43","MUSINA","","","015 534 0707","QU607","aQuelle Marula 6x500ml",4,168,16
"ALL Other","Bromor Foods",23/07/2025,"IN-422456","P993","TSHIPISE GARAGE (I)","P. O. Box 16","Tshipise","","0901","Plot 13","Tshipise","Musina","0901","083 462 1806","BR009","Energade Assorted Flav  24X500ML",1,241.30,16
"ALL Other","Energy Drinks",23/07/2025,"IN-422456","P993","TSHIPISE GARAGE (I)","P. O. Box 16","Tshipise","","0901","Plot 13","Tshipise","Musina","0901","083 462 1806","DRA002","Dragon Energy Drinks 24x500ml",3,600,16
"ALL Other","Foxi Snax",23/07/2025,"IN-422456","P993","TSHIPISE GARAGE (I)","P. O. Box 16","Tshipise","","0901","Plot 13","Tshipise","Musina","0901","083 462 1806","FN001","Foxi Nax Cheese 50x22g",1,71.13,16
"ALL Other","Foxi Snax",23/07/2025,"IN-422456","P993","TSHIPISE GARAGE (I)","P. O. Box 16","Tshipise","","0901","Plot 13","Tshipise","Musina","0901","083 462 1806","FN006","Foxi Nax BBQ 50x22g",1,71.13,16
"ALL Other","The Beverage Co",23/07/2025,"IN-422456","P993","TSHIPISE GARAGE (I)","P. O. Box 16","Tshipise","","0901","Plot 13","Tshipise","Musina","0901","083 462 1806","P5500109","Super C Can Mixed Berry 6x4x500ml",1,189,16
"ALL Other","The Beverage Co",23/07/2025,"IN-422456","P993","TSHIPISE GARAGE (I)","P. O. Box 16","Tshipise","","0901","Plot 13","Tshipise","Musina","0901","083 462 1806","P660185","Super C Org Sparkling Glucose 6x4x500ml",1,173.91,16
"ALL Other","Snack a Juice",23/07/2025,"IN-422456","P993","TSHIPISE GARAGE (I)","P. O. Box 16","Tshipise","","0901","Plot 13","Tshipise","Musina","0901","083 462 1806","SJ200","Snack a Juice Assrt S/C 100% 24x500ml",1,345.92,16
"ALL Other","Dairy Products",23/07/2025,"IN-422456","P993","TSHIPISE GARAGE (I)","P. O. Box 16","Tshipise","","0901","Plot 13","Tshipise","Musina","0901","083 462 1806","SQ201","SQ D/Thick 12x300ml Chocolate",1,134.78,16
"ALL Other","Dairy Products",23/07/2025,"IN-422456","P993","TSHIPISE GARAGE (I)","P. O. Box 16","Tshipise","","0901","Plot 13","Tshipise","Musina","0901","083 462 1806","SQ202","SQ D/Thick 12x300ml Strawberry",1,134.78,16
"ALL Other","Energy Drinks",23/07/2025,"IN-422456","P993","TSHIPISE GARAGE (I)","P. O. Box 16","Tshipise","","0901","Plot 13","Tshipise","Musina","0901","083 462 1806","SWI002","Switch Energy Element 24x500ml",1,176.09,16
"ALL Other","Energy Drinks",23/07/2025,"IN-422456","P993","TSHIPISE GARAGE (I)","P. O. Box 16","Tshipise","","0901","Plot 13","Tshipise","Musina","0901","083 462 1806","SWI017","Switch Vit C Orange  24x500ml",1,176.09,16
"ALL Other","Energy Drinks",23/07/2025,"IN-422456","P993","TSHIPISE GARAGE (I)","P. O. Box 16","Tshipise","","0901","Plot 13","Tshipise","Musina","0901","083 462 1806","SWI039","Switch Tropical 24x500ml",1,176.09,16
"ALL Other","Energy Drinks",23/07/2025,"IN-422456","P993","TSHIPISE GARAGE (I)","P. O. Box 16","Tshipise","","0901","Plot 13","Tshipise","Musina","0901","083 462 1806","SWI048","Switch S/Free Dragonfruit/Berries 24x500ml",1,176.09,16
"ALL Other","Bromor Foods",23/07/2025,"IN-422457","P1716","FOREVER RESORTS(PTY)LTDA FOREVER RESORT","A FOREVER RESORT (30 D-C)","P.O. Box 4","Tshipise","0901","R525 towards Kruger National Park Pafuri","Gate, Tshipise","Musina","0901","015 539 0634/Marietj","BR002","Energade Naartjie 24X500ML",1,239.56,16
"ALL Other","Bromor Foods",23/07/2025,"IN-422457","P1716","FOREVER RESORTS(PTY)LTDA FOREVER RESORT","A FOREVER RESORT (30 D-C)","P.O. Box 4","Tshipise","0901","R525 towards Kruger National Park Pafuri","Gate, Tshipise","Musina","0901","015 539 0634/Marietj","BR005","Energade Grape 24X500ML",1,239.56,16
"ALL Other","Bromor Foods",23/07/2025,"IN-422457","P1716","FOREVER RESORTS(PTY)LTDA FOREVER RESORT","A FOREVER RESORT (30 D-C)","P.O. Box 4","Tshipise","0901","R525 towards Kruger National Park Pafuri","Gate, Tshipise","Musina","0901","015 539 0634/Marietj","BR007","Energade Mixed Berry 24X500ML",1,239.56,16
"ALL Other","Bromor Foods",23/07/2025,"IN-422457","P1716","FOREVER RESORTS(PTY)LTDA FOREVER RESORT","A FOREVER RESORT (30 D-C)","P.O. Box 4","Tshipise","0901","R525 towards Kruger National Park Pafuri","Gate, Tshipise","Musina","0901","015 539 0634/Marietj","BR018","Oros  Mango  24X300ML",1,163.24,16
"ALL Other","Bromor Foods",23/07/2025,"IN-422457","P1716","FOREVER RESORTS(PTY)LTDA FOREVER RESORT","A FOREVER RESORT (30 D-C)","P.O. Box 4","Tshipise","0901","R525 towards Kruger National Park Pafuri","Gate, Tshipise","Musina","0901","015 539 0634/Marietj","BR019","Oros Guava  24X300ML",1,163.24,16
"ALL Other","Bromor Foods",23/07/2025,"IN-422457","P1716","FOREVER RESORTS(PTY)LTDA FOREVER RESORT","A FOREVER RESORT (30 D-C)","P.O. Box 4","Tshipise","0901","R525 towards Kruger National Park Pafuri","Gate, Tshipise","Musina","0901","015 539 0634/Marietj","BR020","Oros  Rasberry  24X300ML",1,163.24,16
"ALL Other","Bromor Foods",23/07/2025,"IN-422457","P1716","FOREVER RESORTS(PTY)LTDA FOREVER RESORT","A FOREVER RESORT (30 D-C)","P.O. Box 4","Tshipise","0901","R525 towards Kruger National Park Pafuri","Gate, Tshipise","Musina","0901","015 539 0634/Marietj","BR030","Energade Zero Blueberry 24X500ML",2,479.12,16
"ALL Other","Oshee",23/07/2025,"IN-422457","P1716","FOREVER RESORTS(PTY)LTDA FOREVER RESORT","A FOREVER RESORT (30 D-C)","P.O. Box 4","Tshipise","0901","R525 towards Kruger National Park Pafuri","Gate, Tshipise","Musina","0901","015 539 0634/Marietj","BUN001","Bundaberg Ginger Beer 24x375ml",1,460,16
"ALL Other","Frimax",23/07/2025,"IN-422457","P1716","FOREVER RESORTS(PTY)LTDA FOREVER RESORT","A FOREVER RESORT (30 D-C)","P.O. Box 4","Tshipise","0901","R525 towards Kruger National Park Pafuri","Gate, Tshipise","Musina","0901","015 539 0634/Marietj","FRIM009","Frimax PC Salt & Vin 24x125g",1,326.61,16
"ALL Other","Frimax",23/07/2025,"IN-422457","P1716","FOREVER RESORTS(PTY)LTDA FOREVER RESORT","A FOREVER RESORT (30 D-C)","P.O. Box 4","Tshipise","0901","R525 towards Kruger National Park Pafuri","Gate, Tshipise","Musina","0901","015 539 0634/Marietj","FRIM012","Frimax PC Fruit Chutney 24x125g",1,326.61,16
"ALL Other","Frimax",23/07/2025,"IN-422457","P1716","FOREVER RESORTS(PTY)LTDA FOREVER RESORT","A FOREVER RESORT (30 D-C)","P.O. Box 4","Tshipise","0901","R525 towards Kruger National Park Pafuri","Gate, Tshipise","Musina","0901","015 539 0634/Marietj","FRIM031","Frimax Prawn Bites 12x125g",3,688.68,16
"ALL Other","The Beverage Co",23/07/2025,"IN-422457","P1716","FOREVER RESORTS(PTY)LTDA FOREVER RESORT","A FOREVER RESORT (30 D-C)","P.O. Box 4","Tshipise","0901","R525 towards Kruger National Park Pafuri","Gate, Tshipise","Musina","0901","015 539 0634/Marietj","P5500109","Super C Can Mixed Berry 6x4x500ml",1,189,16
"ALL Other","The Beverage Co",23/07/2025,"IN-422457","P1716","FOREVER RESORTS(PTY)LTDA FOREVER RESORT","A FOREVER RESORT (30 D-C)","P.O. Box 4","Tshipise","0901","R525 towards Kruger National Park Pafuri","Gate, Tshipise","Musina","0901","015 539 0634/Marietj","P860002","Pepsi Max 6x2lt",4,392,16
"ALL Other","The Beverage Co",23/07/2025,"IN-422457","P1716","FOREVER RESORTS(PTY)LTDA FOREVER RESORT","A FOREVER RESORT (30 D-C)","P.O. Box 4","Tshipise","0901","R525 towards Kruger National Park Pafuri","Gate, Tshipise","Musina","0901","015 539 0634/Marietj","P860101","Pepsi Cola Can 6x4x500ml",2,399.50,16
"ALL Other","Aquelle",23/07/2025,"IN-422457","P1716","FOREVER RESORTS(PTY)LTDA FOREVER RESORT","A FOREVER RESORT (30 D-C)","P.O. Box 4","Tshipise","0901","R525 towards Kruger National Park Pafuri","Gate, Tshipise","Musina","0901","015 539 0634/Marietj","QU601","aQuelle Litchi 6x500ml",4,168,16
"ALL Other","Aquelle",23/07/2025,"IN-422457","P1716","FOREVER RESORTS(PTY)LTDA FOREVER RESORT","A FOREVER RESORT (30 D-C)","P.O. Box 4","Tshipise","0901","R525 towards Kruger National Park Pafuri","Gate, Tshipise","Musina","0901","015 539 0634/Marietj","QU605","aQuelle Granadilla 6x500ml",4,168,16
"ALL Other","Aquelle",23/07/2025,"IN-422457","P1716","FOREVER RESORTS(PTY)LTDA FOREVER RESORT","A FOREVER RESORT (30 D-C)","P.O. Box 4","Tshipise","0901","R525 towards Kruger National Park Pafuri","Gate, Tshipise","Musina","0901","015 539 0634/Marietj","QU607","aQuelle Marula 6x500ml",4,168,16
"ALL Other","Snack a Juice",23/07/2025,"IN-422457","P1716","FOREVER RESORTS(PTY)LTDA FOREVER RESORT","A FOREVER RESORT (30 D-C)","P.O. Box 4","Tshipise","0901","R525 towards Kruger National Park Pafuri","Gate, Tshipise","Musina","0901","015 539 0634/Marietj","SJ201","Snack a Juice Org S/C 100% 24x500ml",1,343.92,16
"ALL Other","Snack a Juice",23/07/2025,"IN-422457","P1716","FOREVER RESORTS(PTY)LTDA FOREVER RESORT","A FOREVER RESORT (30 D-C)","P.O. Box 4","Tshipise","0901","R525 towards Kruger National Park Pafuri","Gate, Tshipise","Musina","0901","015 539 0634/Marietj","SJ205","Snack a Juice Guava S/C 20% 24x500ml",1,343.92,16
"ALL Other","Dairy Products",23/07/2025,"IN-422457","P1716","FOREVER RESORTS(PTY)LTDA FOREVER RESORT","A FOREVER RESORT (30 D-C)","P.O. Box 4","Tshipise","0901","R525 towards Kruger National Park Pafuri","Gate, Tshipise","Musina","0901","015 539 0634/Marietj","SQ201","SQ D/Thick 12x300ml Chocolate",2,269.57,16
"ALL Other","Dairy Products",23/07/2025,"IN-422457","P1716","FOREVER RESORTS(PTY)LTDA FOREVER RESORT","A FOREVER RESORT (30 D-C)","P.O. Box 4","Tshipise","0901","R525 towards Kruger National Park Pafuri","Gate, Tshipise","Musina","0901","015 539 0634/Marietj","SQ202","SQ D/Thick 12x300ml Strawberry",2,269.57,16
"ALL Other","Energy Drinks",23/07/2025,"IN-422457","P1716","FOREVER RESORTS(PTY)LTDA FOREVER RESORT","A FOREVER RESORT (30 D-C)","P.O. Box 4","Tshipise","0901","R525 towards Kruger National Park Pafuri","Gate, Tshipise","Musina","0901","015 539 0634/Marietj","SWI001","Switch Original 24x500ml",2,352.17,16
"ALL Other","Energy Drinks",23/07/2025,"IN-422457","P1716","FOREVER RESORTS(PTY)LTDA FOREVER RESORT","A FOREVER RESORT (30 D-C)","P.O. Box 4","Tshipise","0901","R525 towards Kruger National Park Pafuri","Gate, Tshipise","Musina","0901","015 539 0634/Marietj","SWI007","Switch Cranberry/Cherry 24x500ml",1,176.09,16
"ALL Other","Energy Drinks",23/07/2025,"IN-422457","P1716","FOREVER RESORTS(PTY)LTDA FOREVER RESORT","A FOREVER RESORT (30 D-C)","P.O. Box 4","Tshipise","0901","R525 towards Kruger National Park Pafuri","Gate, Tshipise","Musina","0901","015 539 0634/Marietj","SWI012","Switch G/Fruit Naartjie VIT C 24x500ml",1,176.09,16
"ALL Other","Energy Drinks",23/07/2025,"IN-422457","P1716","FOREVER RESORTS(PTY)LTDA FOREVER RESORT","A FOREVER RESORT (30 D-C)","P.O. Box 4","Tshipise","0901","R525 towards Kruger National Park Pafuri","Gate, Tshipise","Musina","0901","015 539 0634/Marietj","SWI023","Switch Dry Lemon 24x500ml",1,176.09,16
"ALL Other","Energy Drinks",23/07/2025,"IN-422457","P1716","FOREVER RESORTS(PTY)LTDA FOREVER RESORT","A FOREVER RESORT (30 D-C)","P.O. Box 4","Tshipise","0901","R525 towards Kruger National Park Pafuri","Gate, Tshipise","Musina","0901","015 539 0634/Marietj","SWI031","Switch Vitamin C Lemon/Ginger 24x500ml",1,176.09,16
"ALL Other","Energy Drinks",23/07/2025,"IN-422457","P1716","FOREVER RESORTS(PTY)LTDA FOREVER RESORT","A FOREVER RESORT (30 D-C)","P.O. Box 4","Tshipise","0901","R525 towards Kruger National Park Pafuri","Gate, Tshipise","Musina","0901","015 539 0634/Marietj","SWI033","Switch Kiwi/Mango/Straw 24x500ml",1,176.09,16
"ALL Other","Energy Drinks",23/07/2025,"IN-422457","P1716","FOREVER RESORTS(PTY)LTDA FOREVER RESORT","A FOREVER RESORT (30 D-C)","P.O. Box 4","Tshipise","0901","R525 towards Kruger National Park Pafuri","Gate, Tshipise","Musina","0901","015 539 0634/Marietj","SWI040","Biogen Goji Berry/Blood Orange 24x500ml",1,176.09,16
"ALL Other","Energy Drinks",23/07/2025,"IN-422457","P1716","FOREVER RESORTS(PTY)LTDA FOREVER RESORT","A FOREVER RESORT (30 D-C)","P.O. Box 4","Tshipise","0901","R525 towards Kruger National Park Pafuri","Gate, Tshipise","Musina","0901","015 539 0634/Marietj","SWI041","Biogen Redcurrant/Blueberry  24x500ml",1,176.09,16
"ALL Other","Energy Drinks",23/07/2025,"IN-422457","P1716","FOREVER RESORTS(PTY)LTDA FOREVER RESORT","A FOREVER RESORT (30 D-C)","P.O. Box 4","Tshipise","0901","R525 towards Kruger National Park Pafuri","Gate, Tshipise","Musina","0901","015 539 0634/Marietj","SWI058","Switch Prickly Pear 24x500ml",2,352.18,16
"ALL Other","Take 5 Juice",23/07/2025,"IN-422457","P1716","FOREVER RESORTS(PTY)LTDA FOREVER RESORT","A FOREVER RESORT (30 D-C)","P.O. Box 4","Tshipise","0901","R525 towards Kruger National Park Pafuri","Gate, Tshipise","Musina","0901","015 539 0634/Marietj","TA209","Take 5 Drinking Yogh Pea/Apricot 10x300gm",1,124.10,16
"ALL Other","Energy Drinks",23/07/2025,"IN-422457","P1716","FOREVER RESORTS(PTY)LTDA FOREVER RESORT","A FOREVER RESORT (30 D-C)","P.O. Box 4","Tshipise","0901","R525 towards Kruger National Park Pafuri","Gate, Tshipise","Musina","0901","015 539 0634/Marietj","V24BB500","Vita24 Blue Berry 500ml 1x6 pack",4,432.42,16
"ALL Other","Energy Drinks",23/07/2025,"IN-422457","P1716","FOREVER RESORTS(PTY)LTDA FOREVER RESORT","A FOREVER RESORT (30 D-C)","P.O. Box 4","Tshipise","0901","R525 towards Kruger National Park Pafuri","Gate, Tshipise","Musina","0901","015 539 0634/Marietj","V24LI500","Vita24 Litchi 500ml 1x6 pack",4,432.42,16
"ALL Other","Energy Drinks",23/07/2025,"IN-422457","P1716","FOREVER RESORTS(PTY)LTDA FOREVER RESORT","A FOREVER RESORT (30 D-C)","P.O. Box 4","Tshipise","0901","R525 towards Kruger National Park Pafuri","Gate, Tshipise","Musina","0901","015 539 0634/Marietj","V24PF500","Vita24 Passionfruit 500ml 1x6 pack",4,432.42,16
"ALL Other","Energy Drinks",23/07/2025,"IN-422457","P1716","FOREVER RESORTS(PTY)LTDA FOREVER RESORT","A FOREVER RESORT (30 D-C)","P.O. Box 4","Tshipise","0901","R525 towards Kruger National Park Pafuri","Gate, Tshipise","Musina","0901","015 539 0634/Marietj","V24RB500","Vita24 Red Berry 500ml 1x6 pack",4,432.42,16
"ALL Other","Energy Drinks",23/07/2025,"IN-422457","P1716","FOREVER RESORTS(PTY)LTDA FOREVER RESORT","A FOREVER RESORT (30 D-C)","P.O. Box 4","Tshipise","0901","R525 towards Kruger National Park Pafuri","Gate, Tshipise","Musina","0901","015 539 0634/Marietj","V24TZ500","Vita24 Tangerine 500ml 1x6 pack",4,432.42,16
"ALL Other","Energy Drinks",23/07/2025,"IN-422457","P1716","FOREVER RESORTS(PTY)LTDA FOREVER RESORT","A FOREVER RESORT (30 D-C)","P.O. Box 4","Tshipise","0901","R525 towards Kruger National Park Pafuri","Gate, Tshipise","Musina","0901","015 539 0634/Marietj","VB24LL500","Vita24 Lemon & Lime 500ml 1x6 pack",4,432.42,16
"ALL Other","Take 5 Juice",23/07/2025,"IN-422458","P707","INTERNATIONAL TRAVEL SHOP (PTY) LTD(30DC","P O Box 1212","","Messina","0900","Itsa Border Shops,Duty Free Shops","Beitbridge","Musina","","015 530 0271/2/adele","TA207","Take 5 Drinking Yogh Mix/Berr 10x300gm",5,620.50,16
"ALL Other","Take 5 Juice",23/07/2025,"IN-422458","P707","INTERNATIONAL TRAVEL SHOP (PTY) LTD(30DC","P O Box 1212","","Messina","0900","Itsa Border Shops,Duty Free Shops","Beitbridge","Musina","","015 530 0271/2/adele","TA208","Take 5 Drinking Yogh G/Dilla 10x300gm",5,620.50,16
"ALL Other","Take 5 Juice",23/07/2025,"IN-422458","P707","INTERNATIONAL TRAVEL SHOP (PTY) LTD(30DC","P O Box 1212","","Messina","0900","Itsa Border Shops,Duty Free Shops","Beitbridge","Musina","","015 530 0271/2/adele","TA209","Take 5 Drinking Yogh Pea/Apricot 10x300gm",5,620.50,16
"ALL Other","Take 5 Juice",23/07/2025,"IN-422458","P707","INTERNATIONAL TRAVEL SHOP (PTY) LTD(30DC","P O Box 1212","","Messina","0900","Itsa Border Shops,Duty Free Shops","Beitbridge","Musina","","015 530 0271/2/adele","TA211","Take 5 Drinking Yogh Cappucinno 10x300gm",5,620.50,16
"Independant Forecourts","SG - Wrigley's",23/07/2025,"IN-422459","P521","EXCELLECT 3 CC t/a","IMPALA DIENSSTASIE (3%)(CAD)","P. O. Box 553","Musina","0900","National Road N1","Elegant Fuel","Musina","0900","015 534 3727","AIR201","Wrigley Gum Airwave  Menth/Eucyl 30",1,295.20,16
"Independant Forecourts","SG - Wrigley's",23/07/2025,"IN-422459","P521","EXCELLECT 3 CC t/a","IMPALA DIENSSTASIE (3%)(CAD)","P. O. Box 553","Musina","0900","National Road N1","Elegant Fuel","Musina","0900","015 534 3727","AIR203","Wrigley Gum Airwave  Blackcurrent 30",1,295.20,16
"Independant Forecourts","SG - Wrigley's",23/07/2025,"IN-422459","P521","EXCELLECT 3 CC t/a","IMPALA DIENSSTASIE (3%)(CAD)","P. O. Box 553","Musina","0900","National Road N1","Elegant Fuel","Musina","0900","015 534 3727","AIR205","Wrigley Gum Airwave  Cherry Menthol 30",1,295.20,16
"Independant Forecourts","SG - Wrigley's",23/07/2025,"IN-422459","P521","EXCELLECT 3 CC t/a","IMPALA DIENSSTASIE (3%)(CAD)","P. O. Box 553","Musina","0900","National Road N1","Elegant Fuel","Musina","0900","015 534 3727","AIR206","Wrigley Gum Airwaves Black Mint 30",1,295.20,16
"Independant Forecourts","SG - Wrigley's",23/07/2025,"IN-422459","P521","EXCELLECT 3 CC t/a","IMPALA DIENSSTASIE (3%)(CAD)","P. O. Box 553","Musina","0900","National Road N1","Elegant Fuel","Musina","0900","015 534 3727","ORB172","Wrigley OTC Orbit Bubblemint 30",1,256.20,16
"Independant Forecourts","SG - Wrigley's",23/07/2025,"IN-422459","P521","EXCELLECT 3 CC t/a","IMPALA DIENSSTASIE (3%)(CAD)","P. O. Box 553","Musina","0900","National Road N1","Elegant Fuel","Musina","0900","015 534 3727","ORB173","Wrigley OTC Orbit Peppermint 30",1,256.20,16
"Independant Forecourts","SG - Wrigley's",23/07/2025,"IN-422459","P521","EXCELLECT 3 CC t/a","IMPALA DIENSSTASIE (3%)(CAD)","P. O. Box 553","Musina","0900","National Road N1","Elegant Fuel","Musina","0900","015 534 3727","ORB174","Wrigley OTC Orbit Spearmint 30",1,256.20,16
"Independant Forecourts","SG - Wrigley's",23/07/2025,"IN-422459","P521","EXCELLECT 3 CC t/a","IMPALA DIENSSTASIE (3%)(CAD)","P. O. Box 553","Musina","0900","National Road N1","Elegant Fuel","Musina","0900","015 534 3727","ORB175","Wrigley OTC Orbit Watermelon 30",1,256.20,16
"Independant Forecourts","SG - Wrigley's",23/07/2025,"IN-422459","P521","EXCELLECT 3 CC t/a","IMPALA DIENSSTASIE (3%)(CAD)","P. O. Box 553","Musina","0900","National Road N1","Elegant Fuel","Musina","0900","015 534 3727","ORB179","Wrigley OTC Orbit Strawberry 30",1,256.20,16
"ALL Other","Vapes",23/07/2025,"IN-422460","P1716","FOREVER RESORTS(PTY)LTDA FOREVER RESORT","A FOREVER RESORT (30 D-C)","P.O. Box 4","Tshipise","0901","R525 towards Kruger National Park Pafuri","Gate, Tshipise","Musina","0901","015 539 0634/Marietj","EXGI900","E-Xhale Guarana Ice 5% 900 Puff",1,696,16
"ALL Other","Sweets",23/07/2025,"IN-422461","P3990","ERIC LOUW HIGH SCHOOL (7D EFT)","PTIVATE BAG X626","MUSINA","","","IRWIN STREET 43","MUSINA","","","015 534 0707","B2616","Beacon Nosh Bar 40's",1,337.26,16
"ALL Other","Sweets",23/07/2025,"IN-422461","P3990","ERIC LOUW HIGH SCHOOL (7D EFT)","PTIVATE BAG X626","MUSINA","","","IRWIN STREET 43","MUSINA","","","015 534 0707","B2920","Fizz Pop Cherry Tub 40's",4,215.48,16
"ALL Other","Diplomat",23/07/2025,"IN-422461","P3990","ERIC LOUW HIGH SCHOOL (7D EFT)","PTIVATE BAG X626","MUSINA","","","IRWIN STREET 43","MUSINA","","","015 534 0707","C3402","Cadbury Lunch Bar Large 40x48g",4,1811.36,16
"Independant Forecourts","Diplomat",23/07/2025,"IN-422462","P3459","ELEGANT FUEL MUSINA (REP TO COLLECT P/ME","P.O. Box 1267","Musina","","0900","Elegant Fuel Musina","N1","Muisna","0900","074 249 0520 jacky","C677146","Cadbury Mint Crisp Slab 80g 1x12",1,235.73,16
"Independant Forecourts","Vapes",23/07/2025,"IN-422462","P3459","ELEGANT FUEL MUSINA (REP TO COLLECT P/ME","P.O. Box 1267","Musina","","0900","Elegant Fuel Musina","N1","Muisna","0900","074 249 0520 jacky","EX5KGL","E-Xhale 5K Grape Lychee 5%",1,1230,16
"Galp Energia","Energizer",23/07/2025,"IN-422463","P3530","AST AFRICA TRADING E1 (PTY)LTD 7D REP TO","P.O.BOX 962","TZANEEN","","","9 BEYTEL STREET","MOKOPANE","","","081 093 2999 jaco","ENE002","Energizer Max AAA 2 Pack x 1",5,162.65,8
"ALL Other","National Brands",23/07/2025,"IN-422464","P026","QADC MHANZA (7D C)","40 Limpopo Street","Shop 4 & 5","Peninapark","Polokwane","40 Limpopo Street/Shop 4 en 5","Penina Park","Polokwane","0699","072 886 0064","NB10951","Bkrs Toppers Choc 12x125g",1,114.50,3
"ALL Other","National Brands",23/07/2025,"IN-422464","P026","QADC MHANZA (7D C)","40 Limpopo Street","Shop 4 & 5","Peninapark","Polokwane","40 Limpopo Street/Shop 4 en 5","Penina Park","Polokwane","0699","072 886 0064","NB10969","Bkrs Toppers Choc/Mint 12x125g",1,114.50,3
"Sasol","Energy Drinks",23/07/2025,"IN-422465","P1827","SASOL PENINA PARK (3%)(7 D - I)**","P. O. Box 3270","Polokwane","0700","","43 Timbavati Street","Penina Park","Polokwane","0699","015 295 3610","DRA002","Dragon Energy Drinks 24x500ml",4,800,3
"Sasol","The Beverage Co",23/07/2025,"IN-422465","P1827","SASOL PENINA PARK (3%)(7 D - I)**","P. O. Box 3270","Polokwane","0700","","43 Timbavati Street","Penina Park","Polokwane","0699","015 295 3610","P5500109","Super C Can Mixed Berry 6x4x500ml",2,310.34,3
"Sasol","The Beverage Co",23/07/2025,"IN-422465","P1827","SASOL PENINA PARK (3%)(7 D - I)**","P. O. Box 3270","Polokwane","0700","","43 Timbavati Street","Penina Park","Polokwane","0699","015 295 3610","P5500214","Reboost 6X4 X 500ml Watemelon",1,155.09,3
"Sasol","The Beverage Co",23/07/2025,"IN-422465","P1827","SASOL PENINA PARK (3%)(7 D - I)**","P. O. Box 3270","Polokwane","0700","","43 Timbavati Street","Penina Park","Polokwane","0699","015 295 3610","P730146","Reboost Ener Bcurr/Guarana 24x500ml",1,155.09,3
"ALL Other","Waterberg",23/07/2025,"IN-422466","P3586","BENNIE JOOSTE 10% (I)","112 STEYN STRAAT","EDUANPARK","POLOKWANE","0699","112 STEYN STRAAT","EDUANPARK","POLOKWANE","0699","","W130","Vuka Still 24x500ml",2,237.13,31
"ALL Other","Novelties",23/07/2025,"IN-422467","P395","WYLIES CAFE (5%) (7 D)","P. O. Box 5036","Polokwane North","0750","","Plot 37","Dalmada","Polokwane","0699","015 263 6211","CP48","Crazy Pops Small  Box 48",1,38,3
"ALL Other","Squeeze Mee",23/07/2025,"IN-422468","P395","WYLIES CAFE (5%) (7 D)","P. O. Box 5036","Polokwane North","0750","","Plot 37","Dalmada","Polokwane","0699","015 263 6211","SQ001","Squeeze-Mee Chocolate 40x130ml",1,279.13,3
"ALL Other","Squeeze Mee",23/07/2025,"IN-422468","P395","WYLIES CAFE (5%) (7 D)","P. O. Box 5036","Polokwane North","0750","","Plot 37","Dalmada","Polokwane","0699","015 263 6211","SQ002","Squeeze-Mee Strawberry 40x130ml",1,279.13,3
"ALL Other","Squeeze Mee",23/07/2025,"IN-422469","P3760","MORDERN PACKAGING POLOKWANE PTYLTD","P.O. BOX 3322","POLOKWANE","","","72 VERMICULITE STREET","LABORIA","POLOKWANE","","015 293 2812","SQ002","Squeeze-Mee Strawberry 40x130ml",1,279.13,2
"ALL Other","Squeeze Mee",23/07/2025,"IN-422469","P3760","MORDERN PACKAGING POLOKWANE PTYLTD","P.O. BOX 3322","POLOKWANE","","","72 VERMICULITE STREET","LABORIA","POLOKWANE","","015 293 2812","SQ003","Squeeze-Mee Bubblegum 40x130ml",1,279.13,2
"ALL Other","Squeeze Mee",23/07/2025,"IN-422469","P3760","MORDERN PACKAGING POLOKWANE PTYLTD","P.O. BOX 3322","POLOKWANE","","","72 VERMICULITE STREET","LABORIA","POLOKWANE","","015 293 2812","SQ004","Squeeze-Mee Vanilla 40x130ml",1,279.13,2
"ALL Other","Squeeze Mee",23/07/2025,"IN-422469","P3760","MORDERN PACKAGING POLOKWANE PTYLTD","P.O. BOX 3322","POLOKWANE","","","72 VERMICULITE STREET","LABORIA","POLOKWANE","","015 293 2812","SQ011","Squeeze-Mee Tof/Car 40x130ml",1,279.13,2
"ALL Other","Foxi Snax",23/07/2025,"IN-422470","P3760","MORDERN PACKAGING POLOKWANE PTYLTD","P.O. BOX 3322","POLOKWANE","","","72 VERMICULITE STREET","LABORIA","POLOKWANE","","015 293 2812","FN001","Foxi Nax Cheese 50x22g",1,71.13,2
"ALL Other","Foxi Snax",23/07/2025,"IN-422470","P3760","MORDERN PACKAGING POLOKWANE PTYLTD","P.O. BOX 3322","POLOKWANE","","","72 VERMICULITE STREET","LABORIA","POLOKWANE","","015 293 2812","FN005","Foxi Nax Chicken 50x22g",1,71.13,2
"ALL Other","Foxi Snax",23/07/2025,"IN-422470","P3760","MORDERN PACKAGING POLOKWANE PTYLTD","P.O. BOX 3322","POLOKWANE","","","72 VERMICULITE STREET","LABORIA","POLOKWANE","","015 293 2812","FN006","Foxi Nax BBQ 50x22g",1,71.13,2
"ALL Other","National Brands",23/07/2025,"IN-422470","P3760","MORDERN PACKAGING POLOKWANE PTYLTD","P.O. BOX 3322","POLOKWANE","","","72 VERMICULITE STREET","LABORIA","POLOKWANE","","015 293 2812","NB17441","Bkrs Mini Gingernuts 24x40g",2,302,2
"Savemor","Bromor Foods",23/07/2025,"IN-422471","P402","UNIVERSAL STATION ONE (PTY)LTD (3 D EFT)","PLOT14 PALMIETFONTEIN","POLOKWANE","","","PLOT 14 PALMIETFONTEIN","POLOKWANE","","","061 204 8841","BR002","Energade Naartjie 24X500ML",1,239.56,3
"Savemor","Bromor Foods",23/07/2025,"IN-422471","P402","UNIVERSAL STATION ONE (PTY)LTD (3 D EFT)","PLOT14 PALMIETFONTEIN","POLOKWANE","","","PLOT 14 PALMIETFONTEIN","POLOKWANE","","","061 204 8841","BR005","Energade Grape 24X500ML",1,239.56,3
"Savemor","Oshee",23/07/2025,"IN-422471","P402","UNIVERSAL STATION ONE (PTY)LTD (3 D EFT)","PLOT14 PALMIETFONTEIN","POLOKWANE","","","PLOT 14 PALMIETFONTEIN","POLOKWANE","","","061 204 8841","BUN001","Bundaberg Ginger Beer 24x375ml",1,460,3
"Savemor","Energy Drinks",23/07/2025,"IN-422471","P402","UNIVERSAL STATION ONE (PTY)LTD (3 D EFT)","PLOT14 PALMIETFONTEIN","POLOKWANE","","","PLOT 14 PALMIETFONTEIN","POLOKWANE","","","061 204 8841","DRA002","Dragon Energy Drinks 24x500ml",5,1000,3
"Savemor","Energy Drinks",23/07/2025,"IN-422471","P402","UNIVERSAL STATION ONE (PTY)LTD (3 D EFT)","PLOT14 PALMIETFONTEIN","POLOKWANE","","","PLOT 14 PALMIETFONTEIN","POLOKWANE","","","061 204 8841","DRA005","Dragon Energy Drinks  Blue Berry 24x500ml",1,200,3
"Savemor","Mageu",23/07/2025,"IN-422471","P402","UNIVERSAL STATION ONE (PTY)LTD (3 D EFT)","PLOT14 PALMIETFONTEIN","POLOKWANE","","","PLOT 14 PALMIETFONTEIN","POLOKWANE","","","061 204 8841","MA004","Mageu  Mabele  10x500ml",1,103.36,3
"Savemor","Mageu",23/07/2025,"IN-422471","P402","UNIVERSAL STATION ONE (PTY)LTD (3 D EFT)","PLOT14 PALMIETFONTEIN","POLOKWANE","","","PLOT 14 PALMIETFONTEIN","POLOKWANE","","","061 204 8841","MA013","Mageu  Mabele 10x1lt",1,148.23,3
"Savemor","Energy Drinks",23/07/2025,"IN-422471","P402","UNIVERSAL STATION ONE (PTY)LTD (3 D EFT)","PLOT14 PALMIETFONTEIN","POLOKWANE","","","PLOT 14 PALMIETFONTEIN","POLOKWANE","","","061 204 8841","MC312","McNab's Mocha Latte 6x350ml",1,111,3
"Savemor","Energy Drinks",23/07/2025,"IN-422471","P402","UNIVERSAL STATION ONE (PTY)LTD (3 D EFT)","PLOT14 PALMIETFONTEIN","POLOKWANE","","","PLOT 14 PALMIETFONTEIN","POLOKWANE","","","061 204 8841","MC313","McNab's Caramel Latte 6x350ml",1,111,3
"Savemor","National Brands",23/07/2025,"IN-422471","P402","UNIVERSAL STATION ONE (PTY)LTD (3 D EFT)","PLOT14 PALMIETFONTEIN","POLOKWANE","","","PLOT 14 PALMIETFONTEIN","POLOKWANE","","","061 204 8841","NB10955","Bkrs Toppers Van 12x125g",2,229,3
"Savemor","National Brands",23/07/2025,"IN-422471","P402","UNIVERSAL STATION ONE (PTY)LTD (3 D EFT)","PLOT14 PALMIETFONTEIN","POLOKWANE","","","PLOT 14 PALMIETFONTEIN","POLOKWANE","","","061 204 8841","NB11007","Bkrs Eat Sum Mor 12x200g",1,330,3
"Savemor","National Brands",23/07/2025,"IN-422471","P402","UNIVERSAL STATION ONE (PTY)LTD (3 D EFT)","PLOT14 PALMIETFONTEIN","POLOKWANE","","","PLOT 14 PALMIETFONTEIN","POLOKWANE","","","061 204 8841","NB17484","Bkrs Choco O Break 15x125g",2,382,3
"Savemor","The Beverage Co",23/07/2025,"IN-422471","P402","UNIVERSAL STATION ONE (PTY)LTD (3 D EFT)","PLOT14 PALMIETFONTEIN","POLOKWANE","","","PLOT 14 PALMIETFONTEIN","POLOKWANE","","","061 204 8841","P5500109","Super C Can Mixed Berry 6x4x500ml",1,189,3
"Savemor","The Beverage Co",23/07/2025,"IN-422471","P402","UNIVERSAL STATION ONE (PTY)LTD (3 D EFT)","PLOT14 PALMIETFONTEIN","POLOKWANE","","","PLOT 14 PALMIETFONTEIN","POLOKWANE","","","061 204 8841","P660185","Super C Org Sparkling Glucose 6x4x500ml",1,173.91,3
"Savemor","The Beverage Co",23/07/2025,"IN-422471","P402","UNIVERSAL STATION ONE (PTY)LTD (3 D EFT)","PLOT14 PALMIETFONTEIN","POLOKWANE","","","PLOT 14 PALMIETFONTEIN","POLOKWANE","","","061 204 8841","P860001","Pepsi Cola 6x2lt",1,98,3
"Savemor","The Beverage Co",23/07/2025,"IN-422471","P402","UNIVERSAL STATION ONE (PTY)LTD (3 D EFT)","PLOT14 PALMIETFONTEIN","POLOKWANE","","","PLOT 14 PALMIETFONTEIN","POLOKWANE","","","061 204 8841","P860002","Pepsi Max 6x2lt",1,98,3
"Savemor","Aquelle",23/07/2025,"IN-422471","P402","UNIVERSAL STATION ONE (PTY)LTD (3 D EFT)","PLOT14 PALMIETFONTEIN","POLOKWANE","","","PLOT 14 PALMIETFONTEIN","POLOKWANE","","","061 204 8841","QU401","aQuelle Still 6x1.5lt",5,273,3
"Savemor","Aquelle",23/07/2025,"IN-422471","P402","UNIVERSAL STATION ONE (PTY)LTD (3 D EFT)","PLOT14 PALMIETFONTEIN","POLOKWANE","","","PLOT 14 PALMIETFONTEIN","POLOKWANE","","","061 204 8841","QU402","aQuelle Sparkling 6x1.5lt",2,109.20,3
"Savemor","Aquelle",23/07/2025,"IN-422471","P402","UNIVERSAL STATION ONE (PTY)LTD (3 D EFT)","PLOT14 PALMIETFONTEIN","POLOKWANE","","","PLOT 14 PALMIETFONTEIN","POLOKWANE","","","061 204 8841","QU601","aQuelle Litchi 6x500ml",1,42,3
"Savemor","Aquelle",23/07/2025,"IN-422471","P402","UNIVERSAL STATION ONE (PTY)LTD (3 D EFT)","PLOT14 PALMIETFONTEIN","POLOKWANE","","","PLOT 14 PALMIETFONTEIN","POLOKWANE","","","061 204 8841","QU602","aQuelle Naartjie 6x500ml",1,42,3
"Savemor","Aquelle",23/07/2025,"IN-422471","P402","UNIVERSAL STATION ONE (PTY)LTD (3 D EFT)","PLOT14 PALMIETFONTEIN","POLOKWANE","","","PLOT 14 PALMIETFONTEIN","POLOKWANE","","","061 204 8841","QU603","aQuelle Strawberry 6x500ml",1,42,3
"Savemor","Aquelle",23/07/2025,"IN-422471","P402","UNIVERSAL STATION ONE (PTY)LTD (3 D EFT)","PLOT14 PALMIETFONTEIN","POLOKWANE","","","PLOT 14 PALMIETFONTEIN","POLOKWANE","","","061 204 8841","QU604","aQuelle Lemon 6x500ml",1,42,3
"Savemor","Aquelle",23/07/2025,"IN-422471","P402","UNIVERSAL STATION ONE (PTY)LTD (3 D EFT)","PLOT14 PALMIETFONTEIN","POLOKWANE","","","PLOT 14 PALMIETFONTEIN","POLOKWANE","","","061 204 8841","QU605","aQuelle Granadilla 6x500ml",1,42,3
"Savemor","Aquelle",23/07/2025,"IN-422471","P402","UNIVERSAL STATION ONE (PTY)LTD (3 D EFT)","PLOT14 PALMIETFONTEIN","POLOKWANE","","","PLOT 14 PALMIETFONTEIN","POLOKWANE","","","061 204 8841","QU606","aQuelle Pineapple 6x500ml",1,42,3
"Savemor","Aquelle",23/07/2025,"IN-422471","P402","UNIVERSAL STATION ONE (PTY)LTD (3 D EFT)","PLOT14 PALMIETFONTEIN","POLOKWANE","","","PLOT 14 PALMIETFONTEIN","POLOKWANE","","","061 204 8841","QU607","aQuelle Marula 6x500ml",1,42,3
"Savemor","Aquelle",23/07/2025,"IN-422471","P402","UNIVERSAL STATION ONE (PTY)LTD (3 D EFT)","PLOT14 PALMIETFONTEIN","POLOKWANE","","","PLOT 14 PALMIETFONTEIN","POLOKWANE","","","061 204 8841","QU608","aQuelle Watermelon 6x500ml",1,42,3
"Savemor","Aquelle",23/07/2025,"IN-422471","P402","UNIVERSAL STATION ONE (PTY)LTD (3 D EFT)","PLOT14 PALMIETFONTEIN","POLOKWANE","","","PLOT 14 PALMIETFONTEIN","POLOKWANE","","","061 204 8841","QU609","aQuelle Honey Melon 6x500ml",1,42,3
"Savemor","Aquelle",23/07/2025,"IN-422471","P402","UNIVERSAL STATION ONE (PTY)LTD (3 D EFT)","PLOT14 PALMIETFONTEIN","POLOKWANE","","","PLOT 14 PALMIETFONTEIN","POLOKWANE","","","061 204 8841","QU610","aQuelle Apple 6x500ml",1,42,3
"Savemor","Energy Drinks",23/07/2025,"IN-422471","P402","UNIVERSAL STATION ONE (PTY)LTD (3 D EFT)","PLOT14 PALMIETFONTEIN","POLOKWANE","","","PLOT 14 PALMIETFONTEIN","POLOKWANE","","","061 204 8841","SWI001","Switch Original 24x500ml",2,352.17,3
"Savemor","Energy Drinks",23/07/2025,"IN-422471","P402","UNIVERSAL STATION ONE (PTY)LTD (3 D EFT)","PLOT14 PALMIETFONTEIN","POLOKWANE","","","PLOT 14 PALMIETFONTEIN","POLOKWANE","","","061 204 8841","SWI002","Switch Energy Element 24x500ml",2,352.17,3
"Savemor","Energy Drinks",23/07/2025,"IN-422471","P402","UNIVERSAL STATION ONE (PTY)LTD (3 D EFT)","PLOT14 PALMIETFONTEIN","POLOKWANE","","","PLOT 14 PALMIETFONTEIN","POLOKWANE","","","061 204 8841","SWI012","Switch G/Fruit Naartjie VIT C 24x500ml",2,352.17,3
"Savemor","Energy Drinks",23/07/2025,"IN-422471","P402","UNIVERSAL STATION ONE (PTY)LTD (3 D EFT)","PLOT14 PALMIETFONTEIN","POLOKWANE","","","PLOT 14 PALMIETFONTEIN","POLOKWANE","","","061 204 8841","SWI017","Switch Vit C Orange  24x500ml",2,352.18,3
"Savemor","Energy Drinks",23/07/2025,"IN-422471","P402","UNIVERSAL STATION ONE (PTY)LTD (3 D EFT)","PLOT14 PALMIETFONTEIN","POLOKWANE","","","PLOT 14 PALMIETFONTEIN","POLOKWANE","","","061 204 8841","SWI023","Switch Dry Lemon 24x500ml",2,352.18,3
"Savemor","Energy Drinks",23/07/2025,"IN-422471","P402","UNIVERSAL STATION ONE (PTY)LTD (3 D EFT)","PLOT14 PALMIETFONTEIN","POLOKWANE","","","PLOT 14 PALMIETFONTEIN","POLOKWANE","","","061 204 8841","V24BB500","Vita24 Blue Berry 500ml 1x6 pack",1,108.11,3
"Savemor","Energy Drinks",23/07/2025,"IN-422471","P402","UNIVERSAL STATION ONE (PTY)LTD (3 D EFT)","PLOT14 PALMIETFONTEIN","POLOKWANE","","","PLOT 14 PALMIETFONTEIN","POLOKWANE","","","061 204 8841","V24LI500","Vita24 Litchi 500ml 1x6 pack",1,108.11,3
"Savemor","Energy Drinks",23/07/2025,"IN-422471","P402","UNIVERSAL STATION ONE (PTY)LTD (3 D EFT)","PLOT14 PALMIETFONTEIN","POLOKWANE","","","PLOT 14 PALMIETFONTEIN","POLOKWANE","","","061 204 8841","V24PF500","Vita24 Passionfruit 500ml 1x6 pack",1,108.11,3
"Savemor","Energy Drinks",23/07/2025,"IN-422471","P402","UNIVERSAL STATION ONE (PTY)LTD (3 D EFT)","PLOT14 PALMIETFONTEIN","POLOKWANE","","","PLOT 14 PALMIETFONTEIN","POLOKWANE","","","061 204 8841","V24RB500","Vita24 Red Berry 500ml 1x6 pack",1,108.11,3
"Savemor","SG - Wrigley's",23/07/2025,"IN-422472","P402","UNIVERSAL STATION ONE (PTY)LTD (3 D EFT)","PLOT14 PALMIETFONTEIN","POLOKWANE","","","PLOT 14 PALMIETFONTEIN","POLOKWANE","","","061 204 8841","AIR201","Wrigley Gum Airwave  Menth/Eucyl 30",1,295.20,3
"Savemor","SG - Wrigley's",23/07/2025,"IN-422472","P402","UNIVERSAL STATION ONE (PTY)LTD (3 D EFT)","PLOT14 PALMIETFONTEIN","POLOKWANE","","","PLOT 14 PALMIETFONTEIN","POLOKWANE","","","061 204 8841","AIR203","Wrigley Gum Airwave  Blackcurrent 30",1,295.20,3
"Savemor","SG - Wrigley's",23/07/2025,"IN-422472","P402","UNIVERSAL STATION ONE (PTY)LTD (3 D EFT)","PLOT14 PALMIETFONTEIN","POLOKWANE","","","PLOT 14 PALMIETFONTEIN","POLOKWANE","","","061 204 8841","AIR205","Wrigley Gum Airwave  Cherry Menthol 30",1,295.20,3
"Savemor","Sweets",23/07/2025,"IN-422472","P402","UNIVERSAL STATION ONE (PTY)LTD (3 D EFT)","PLOT14 PALMIETFONTEIN","POLOKWANE","","","PLOT 14 PALMIETFONTEIN","POLOKWANE","","","061 204 8841","B012862","Maynards Mini Jubes Disp 24x60G NEW",1,258.13,3
"Savemor","Sweets",23/07/2025,"IN-422472","P402","UNIVERSAL STATION ONE (PTY)LTD (3 D EFT)","PLOT14 PALMIETFONTEIN","POLOKWANE","","","PLOT 14 PALMIETFONTEIN","POLOKWANE","","","061 204 8841","B012863","Maynards Mini Teddies Disp. 24x60g NEW",1,258.13,3
"Savemor","Sweets",23/07/2025,"IN-422472","P402","UNIVERSAL STATION ONE (PTY)LTD (3 D EFT)","PLOT14 PALMIETFONTEIN","POLOKWANE","","","PLOT 14 PALMIETFONTEIN","POLOKWANE","","","061 204 8841","B012866","Maynards Mini Babies Disp. 24x60g NEW",1,258.13,3
"Savemor","Sweets",23/07/2025,"IN-422472","P402","UNIVERSAL STATION ONE (PTY)LTD (3 D EFT)","PLOT14 PALMIETFONTEIN","POLOKWANE","","","PLOT 14 PALMIETFONTEIN","POLOKWANE","","","061 204 8841","B012871","Maynards Orig W/Gums Disp 24x60G NEW",1,258.13,3
"Savemor","Sweets",23/07/2025,"IN-422472","P402","UNIVERSAL STATION ONE (PTY)LTD (3 D EFT)","PLOT14 PALMIETFONTEIN","POLOKWANE","","","PLOT 14 PALMIETFONTEIN","POLOKWANE","","","061 204 8841","B012873","Maynards Soft Fruity Gums 24x60g NEW",1,258.13,3
"Savemor","Sweets",23/07/2025,"IN-422472","P402","UNIVERSAL STATION ONE (PTY)LTD (3 D EFT)","PLOT14 PALMIETFONTEIN","POLOKWANE","","","PLOT 14 PALMIETFONTEIN","POLOKWANE","","","061 204 8841","B012878","Maynards Wine Gum Duo's 24x60G NEW",1,258.13,3
"Savemor","Sweets",23/07/2025,"IN-422472","P402","UNIVERSAL STATION ONE (PTY)LTD (3 D EFT)","PLOT14 PALMIETFONTEIN","POLOKWANE","","","PLOT 14 PALMIETFONTEIN","POLOKWANE","","","061 204 8841","B2151","Maynards Fruit Jelly Beans Disp. 24x60g",1,258.13,3
"Savemor","Diplomat",23/07/2025,"IN-422472","P402","UNIVERSAL STATION ONE (PTY)LTD (3 D EFT)","PLOT14 PALMIETFONTEIN","POLOKWANE","","","PLOT 14 PALMIETFONTEIN","POLOKWANE","","","061 204 8841","C607336","Halls Extra Strong 18",4,676.35,3
"Savemor","Diplomat",23/07/2025,"IN-422472","P402","UNIVERSAL STATION ONE (PTY)LTD (3 D EFT)","PLOT14 PALMIETFONTEIN","POLOKWANE","","","PLOT 14 PALMIETFONTEIN","POLOKWANE","","","061 204 8841","C672215","Stimorol Infinity Mint 1x12",1,202.61,3
"Savemor","Diplomat",23/07/2025,"IN-422472","P402","UNIVERSAL STATION ONE (PTY)LTD (3 D EFT)","PLOT14 PALMIETFONTEIN","POLOKWANE","","","PLOT 14 PALMIETFONTEIN","POLOKWANE","","","061 204 8841","C678176","Stimorol Infinity Trop 1x12",1,202.61,3
"Savemor","Diplomat",23/07/2025,"IN-422472","P402","UNIVERSAL STATION ONE (PTY)LTD (3 D EFT)","PLOT14 PALMIETFONTEIN","POLOKWANE","","","PLOT 14 PALMIETFONTEIN","POLOKWANE","","","061 204 8841","C680588","Stimorol Infinity Berry Party 1x12",1,202.61,3
"Savemor","Diplomat",23/07/2025,"IN-422472","P402","UNIVERSAL STATION ONE (PTY)LTD (3 D EFT)","PLOT14 PALMIETFONTEIN","POLOKWANE","","","PLOT 14 PALMIETFONTEIN","POLOKWANE","","","061 204 8841","C8004335","Halls Fruit Explosion 18",2,338.17,3
"Savemor","Sweets",23/07/2025,"IN-422472","P402","UNIVERSAL STATION ONE (PTY)LTD (3 D EFT)","PLOT14 PALMIETFONTEIN","POLOKWANE","","","PLOT 14 PALMIETFONTEIN","POLOKWANE","","","061 204 8841","LOL10033","Lolilu Wormees 24x125g",1,408.96,3
"Savemor","Sweets",23/07/2025,"IN-422472","P402","UNIVERSAL STATION ONE (PTY)LTD (3 D EFT)","PLOT14 PALMIETFONTEIN","POLOKWANE","","","PLOT 14 PALMIETFONTEIN","POLOKWANE","","","061 204 8841","LOL10118","Lolilu Dream Berries 24x125g",1,408.96,3
"Savemor","SG - Wrigley's",23/07/2025,"IN-422472","P402","UNIVERSAL STATION ONE (PTY)LTD (3 D EFT)","PLOT14 PALMIETFONTEIN","POLOKWANE","","","PLOT 14 PALMIETFONTEIN","POLOKWANE","","","061 204 8841","ORB172","Wrigley OTC Orbit Bubblemint 30",1,256.20,3
"Savemor","SG - Wrigley's",23/07/2025,"IN-422472","P402","UNIVERSAL STATION ONE (PTY)LTD (3 D EFT)","PLOT14 PALMIETFONTEIN","POLOKWANE","","","PLOT 14 PALMIETFONTEIN","POLOKWANE","","","061 204 8841","ORB173","Wrigley OTC Orbit Peppermint 30",1,256.20,3
"Savemor","Biltong",23/07/2025,"IN-422472","P402","UNIVERSAL STATION ONE (PTY)LTD (3 D EFT)","PLOT14 PALMIETFONTEIN","POLOKWANE","","","PLOT 14 PALMIETFONTEIN","POLOKWANE","","","061 204 8841","ZT500","TAKI Chopstix Trad Bag 100x7g",1,545.53,3
"ALL Other","Sweets",23/07/2025,"IN-422473","P3760","MORDERN PACKAGING POLOKWANE PTYLTD","P.O. BOX 3322","POLOKWANE","","","72 VERMICULITE STREET","LABORIA","POLOKWANE","","015 293 2812","B012871","Maynards Orig W/Gums Disp 24x60G NEW",1,258.13,2
"ALL Other","The Beverage Co",23/07/2025,"IN-422474","P516","VLEISLAPA S/HUIS BK GROBLER 7.5%(30DI)**","Groblerstraat","Polokwane","0699","","Groblerstraat","","Polokwane","0699","015 291 1301","P860501","Pepsi Cola 12x330ml",1,71,3
"ALL Other","Snack a Juice",23/07/2025,"IN-422474","P516","VLEISLAPA S/HUIS BK GROBLER 7.5%(30DI)**","Groblerstraat","Polokwane","0699","","Groblerstraat","","Polokwane","0699","015 291 1301","SJ200","Snack a Juice Assrt S/C 100% 24x500ml",2,691.84,3
"ALL Other","Snack a Juice",23/07/2025,"IN-422474","P516","VLEISLAPA S/HUIS BK GROBLER 7.5%(30DI)**","Groblerstraat","Polokwane","0699","","Groblerstraat","","Polokwane","0699","015 291 1301","SJ208","Snack a Juice Cranb S/C 100% 24x500ml",1,343.92,3
"Engen","Mageu",23/07/2025,"IN-422475","P3995","RISSIK STREET FILLING STATION(PTY)LTD","P.O.BOX 68432","HIGHVELD CENTURION","","","4B RISSIK STREET","POLOKWANE","","","012 345 2997","MA001","Mageu  Banana 10x500ml",1,103.36,3
"Engen","Mageu",23/07/2025,"IN-422475","P3995","RISSIK STREET FILLING STATION(PTY)LTD","P.O.BOX 68432","HIGHVELD CENTURION","","","4B RISSIK STREET","POLOKWANE","","","012 345 2997","MA013","Mageu  Mabele 10x1lt",1,148.23,3
"Engen","The Beverage Co",23/07/2025,"IN-422475","P3995","RISSIK STREET FILLING STATION(PTY)LTD","P.O.BOX 68432","HIGHVELD CENTURION","","","4B RISSIK STREET","POLOKWANE","","","012 345 2997","P861301","Pepsi Cola Pet 12x500ml",1,109,3
"Engen","Dairy Products",23/07/2025,"IN-422475","P3995","RISSIK STREET FILLING STATION(PTY)LTD","P.O.BOX 68432","HIGHVELD CENTURION","","","4B RISSIK STREET","POLOKWANE","","","012 345 2997","SQ201","SQ D/Thick 12x300ml Chocolate",1,134.78,3
"ALL Other","Waterberg",23/07/2025,"IN-422476","P605","PIETIE LIEFDE (14 DAYS EFT)","125 DORP STRAAT","POLOKWANE","","","PHS","125 DORP STRAAT","POLOKWANE","","066 277 9162","W130-PHS","Vuka  PHS  Still 24x500ml",11,1052.17,1
"Excel","Waterberg",23/07/2025,"IN-422477","P3182","DALMADA FILLING STATION (2%) (EXEL)(3D)","P.O. Box 489","Fauna Park","","0787","Plot 37","Dalmada","Polokwane","0700","015 263 6193/4","W006","W/B Still  1x10lt",20,582.61,3
"Shell","Energy Drinks",23/07/2025,"IN-422478","P2249","TABOO TRADING PTY LTD t/aTHE FARMYARD","FILLING STATION (14 D - I)","P.O Box  251","Ladanna,Polokwane","0704","1 School Road, Bendor","Next to Mall of the North","Polokwane","0699","015 296 1315","DRA002","Dragon Energy Drinks 24x500ml",3,600,3
"Shell","National Brands",23/07/2025,"IN-422478","P2249","TABOO TRADING PTY LTD t/aTHE FARMYARD","FILLING STATION (14 D - I)","P.O Box  251","Ladanna,Polokwane","0704","1 School Road, Bendor","Next to Mall of the North","Polokwane","0699","015 296 1315","NB10951","Bkrs Toppers Choc 12x125g",1,114.50,3
"Shell","National Brands",23/07/2025,"IN-422478","P2249","TABOO TRADING PTY LTD t/aTHE FARMYARD","FILLING STATION (14 D - I)","P.O Box  251","Ladanna,Polokwane","0704","1 School Road, Bendor","Next to Mall of the North","Polokwane","0699","015 296 1315","NB10969","Bkrs Toppers Choc/Mint 12x125g",2,229,3
"Shell","The Beverage Co",23/07/2025,"IN-422478","P2249","TABOO TRADING PTY LTD t/aTHE FARMYARD","FILLING STATION (14 D - I)","P.O Box  251","Ladanna,Polokwane","0704","1 School Road, Bendor","Next to Mall of the North","Polokwane","0699","015 296 1315","P5500107","Super C Can Apple 6x4x500ml",1,189,3
"Shell","The Beverage Co",23/07/2025,"IN-422478","P2249","TABOO TRADING PTY LTD t/aTHE FARMYARD","FILLING STATION (14 D - I)","P.O Box  251","Ladanna,Polokwane","0704","1 School Road, Bendor","Next to Mall of the North","Polokwane","0699","015 296 1315","P5500109","Super C Can Mixed Berry 6x4x500ml",1,189,3
"Shell","The Beverage Co",23/07/2025,"IN-422478","P2249","TABOO TRADING PTY LTD t/aTHE FARMYARD","FILLING STATION (14 D - I)","P.O Box  251","Ladanna,Polokwane","0704","1 School Road, Bendor","Next to Mall of the North","Polokwane","0699","015 296 1315","P660185","Super C Org Sparkling Glucose 6x4x500ml",1,173.91,3
"Shell","Aquelle",23/07/2025,"IN-422478","P2249","TABOO TRADING PTY LTD t/aTHE FARMYARD","FILLING STATION (14 D - I)","P.O Box  251","Ladanna,Polokwane","0704","1 School Road, Bendor","Next to Mall of the North","Polokwane","0699","015 296 1315","QU602","aQuelle Naartjie 6x500ml",2,84,3
"Shell","Aquelle",23/07/2025,"IN-422478","P2249","TABOO TRADING PTY LTD t/aTHE FARMYARD","FILLING STATION (14 D - I)","P.O Box  251","Ladanna,Polokwane","0704","1 School Road, Bendor","Next to Mall of the North","Polokwane","0699","015 296 1315","QU603","aQuelle Strawberry 6x500ml",2,84,3
"Shell","Aquelle",23/07/2025,"IN-422478","P2249","TABOO TRADING PTY LTD t/aTHE FARMYARD","FILLING STATION (14 D - I)","P.O Box  251","Ladanna,Polokwane","0704","1 School Road, Bendor","Next to Mall of the North","Polokwane","0699","015 296 1315","QU605","aQuelle Granadilla 6x500ml",2,84,3
"Shell","Aquelle",23/07/2025,"IN-422478","P2249","TABOO TRADING PTY LTD t/aTHE FARMYARD","FILLING STATION (14 D - I)","P.O Box  251","Ladanna,Polokwane","0704","1 School Road, Bendor","Next to Mall of the North","Polokwane","0699","015 296 1315","QU606","aQuelle Pineapple 6x500ml",2,84,3
"Shell","Aquelle",23/07/2025,"IN-422478","P2249","TABOO TRADING PTY LTD t/aTHE FARMYARD","FILLING STATION (14 D - I)","P.O Box  251","Ladanna,Polokwane","0704","1 School Road, Bendor","Next to Mall of the North","Polokwane","0699","015 296 1315","QU608","aQuelle Watermelon 6x500ml",2,84,3
"Shell","Aquelle",23/07/2025,"IN-422478","P2249","TABOO TRADING PTY LTD t/aTHE FARMYARD","FILLING STATION (14 D - I)","P.O Box  251","Ladanna,Polokwane","0704","1 School Road, Bendor","Next to Mall of the North","Polokwane","0699","015 296 1315","QU702","aQuelle Naartjie 6x1.5lt",1,79.80,3
"Shell","Aquelle",23/07/2025,"IN-422478","P2249","TABOO TRADING PTY LTD t/aTHE FARMYARD","FILLING STATION (14 D - I)","P.O Box  251","Ladanna,Polokwane","0704","1 School Road, Bendor","Next to Mall of the North","Polokwane","0699","015 296 1315","QU705","aQuelle Granadilla 6x1.5lt",1,79.80,3
"Shell","Energy Drinks",23/07/2025,"IN-422478","P2249","TABOO TRADING PTY LTD t/aTHE FARMYARD","FILLING STATION (14 D - I)","P.O Box  251","Ladanna,Polokwane","0704","1 School Road, Bendor","Next to Mall of the North","Polokwane","0699","015 296 1315","SWI001","Switch Original 24x500ml",1,176.09,3
"Shell","Energy Drinks",23/07/2025,"IN-422478","P2249","TABOO TRADING PTY LTD t/aTHE FARMYARD","FILLING STATION (14 D - I)","P.O Box  251","Ladanna,Polokwane","0704","1 School Road, Bendor","Next to Mall of the North","Polokwane","0699","015 296 1315","SWI002","Switch Energy Element 24x500ml",1,176.09,3
"Shell","Energy Drinks",23/07/2025,"IN-422478","P2249","TABOO TRADING PTY LTD t/aTHE FARMYARD","FILLING STATION (14 D - I)","P.O Box  251","Ladanna,Polokwane","0704","1 School Road, Bendor","Next to Mall of the North","Polokwane","0699","015 296 1315","SWI003","Switch Energy Envy 24x500ml",1,176.09,3
"Shell","Energy Drinks",23/07/2025,"IN-422478","P2249","TABOO TRADING PTY LTD t/aTHE FARMYARD","FILLING STATION (14 D - I)","P.O Box  251","Ladanna,Polokwane","0704","1 School Road, Bendor","Next to Mall of the North","Polokwane","0699","015 296 1315","SWI007","Switch Cranberry/Cherry 24x500ml",1,176.09,3
"Shell","Energy Drinks",23/07/2025,"IN-422478","P2249","TABOO TRADING PTY LTD t/aTHE FARMYARD","FILLING STATION (14 D - I)","P.O Box  251","Ladanna,Polokwane","0704","1 School Road, Bendor","Next to Mall of the North","Polokwane","0699","015 296 1315","SWI013","Switch Org B/gum 24x500ml",1,176.09,3
"Shell","Energy Drinks",23/07/2025,"IN-422478","P2249","TABOO TRADING PTY LTD t/aTHE FARMYARD","FILLING STATION (14 D - I)","P.O Box  251","Ladanna,Polokwane","0704","1 School Road, Bendor","Next to Mall of the North","Polokwane","0699","015 296 1315","SWI019","Switch Mango Peach 24x500ml",1,176.09,3
"Shell","Energy Drinks",23/07/2025,"IN-422478","P2249","TABOO TRADING PTY LTD t/aTHE FARMYARD","FILLING STATION (14 D - I)","P.O Box  251","Ladanna,Polokwane","0704","1 School Road, Bendor","Next to Mall of the North","Polokwane","0699","015 296 1315","SWI022","Switch Jelly Babies 24x500ml",1,176.09,3
"Shell","Energy Drinks",23/07/2025,"IN-422478","P2249","TABOO TRADING PTY LTD t/aTHE FARMYARD","FILLING STATION (14 D - I)","P.O Box  251","Ladanna,Polokwane","0704","1 School Road, Bendor","Next to Mall of the North","Polokwane","0699","015 296 1315","SWI023","Switch Dry Lemon 24x500ml",1,176.09,3
"Shell","Energy Drinks",23/07/2025,"IN-422478","P2249","TABOO TRADING PTY LTD t/aTHE FARMYARD","FILLING STATION (14 D - I)","P.O Box  251","Ladanna,Polokwane","0704","1 School Road, Bendor","Next to Mall of the North","Polokwane","0699","015 296 1315","SWI033","Switch Kiwi/Mango/Straw 24x500ml",1,176.09,3
"Shell","Energy Drinks",23/07/2025,"IN-422478","P2249","TABOO TRADING PTY LTD t/aTHE FARMYARD","FILLING STATION (14 D - I)","P.O Box  251","Ladanna,Polokwane","0704","1 School Road, Bendor","Next to Mall of the North","Polokwane","0699","015 296 1315","SWI039","Switch Tropical 24x500ml",1,176.09,3
"Shell","Energy Drinks",23/07/2025,"IN-422478","P2249","TABOO TRADING PTY LTD t/aTHE FARMYARD","FILLING STATION (14 D - I)","P.O Box  251","Ladanna,Polokwane","0704","1 School Road, Bendor","Next to Mall of the North","Polokwane","0699","015 296 1315","SWI040","Biogen Goji Berry/Blood Orange 24x500ml",1,176.09,3
"Shell","Energy Drinks",23/07/2025,"IN-422478","P2249","TABOO TRADING PTY LTD t/aTHE FARMYARD","FILLING STATION (14 D - I)","P.O Box  251","Ladanna,Polokwane","0704","1 School Road, Bendor","Next to Mall of the North","Polokwane","0699","015 296 1315","SWI041","Biogen Redcurrant/Blueberry  24x500ml",1,176.09,3
"Shell","Energy Drinks",23/07/2025,"IN-422478","P2249","TABOO TRADING PTY LTD t/aTHE FARMYARD","FILLING STATION (14 D - I)","P.O Box  251","Ladanna,Polokwane","0704","1 School Road, Bendor","Next to Mall of the North","Polokwane","0699","015 296 1315","SWI047","Switch Pink Lemonade 24x500ml",1,176.09,3
"Shell","Energy Drinks",23/07/2025,"IN-422478","P2249","TABOO TRADING PTY LTD t/aTHE FARMYARD","FILLING STATION (14 D - I)","P.O Box  251","Ladanna,Polokwane","0704","1 School Road, Bendor","Next to Mall of the North","Polokwane","0699","015 296 1315","SWI049","Switch S/Free G/Dilla & Gooseberry 24x500ml",1,176.09,3
"Shell","Energy Drinks",23/07/2025,"IN-422478","P2249","TABOO TRADING PTY LTD t/aTHE FARMYARD","FILLING STATION (14 D - I)","P.O Box  251","Ladanna,Polokwane","0704","1 School Road, Bendor","Next to Mall of the North","Polokwane","0699","015 296 1315","SWI050","Switch Cream Soda Float 24x500ml",1,176.09,3
"Shell","Energy Drinks",23/07/2025,"IN-422478","P2249","TABOO TRADING PTY LTD t/aTHE FARMYARD","FILLING STATION (14 D - I)","P.O Box  251","Ladanna,Polokwane","0704","1 School Road, Bendor","Next to Mall of the North","Polokwane","0699","015 296 1315","SWI052","Switch Vita C Matcha Green Tea & Lemon 24x500ml",1,176.09,3
"Shell","Energy Drinks",23/07/2025,"IN-422478","P2249","TABOO TRADING PTY LTD t/aTHE FARMYARD","FILLING STATION (14 D - I)","P.O Box  251","Ladanna,Polokwane","0704","1 School Road, Bendor","Next to Mall of the North","Polokwane","0699","015 296 1315","SWI056","Switch Pineapple Mango & Cherry 24x500ml",1,176.09,3
"Shell","Energy Drinks",23/07/2025,"IN-422478","P2249","TABOO TRADING PTY LTD t/aTHE FARMYARD","FILLING STATION (14 D - I)","P.O Box  251","Ladanna,Polokwane","0704","1 School Road, Bendor","Next to Mall of the North","Polokwane","0699","015 296 1315","SWI057","Switch Watermelon/Straw & Pear 24x500ml",1,176.09,3
"Shell","Energy Drinks",23/07/2025,"IN-422478","P2249","TABOO TRADING PTY LTD t/aTHE FARMYARD","FILLING STATION (14 D - I)","P.O Box  251","Ladanna,Polokwane","0704","1 School Road, Bendor","Next to Mall of the North","Polokwane","0699","015 296 1315","SWI058","Switch Prickly Pear 24x500ml",1,176.09,3
"Shell","Take 5 Juice",23/07/2025,"IN-422478","P2249","TABOO TRADING PTY LTD t/aTHE FARMYARD","FILLING STATION (14 D - I)","P.O Box  251","Ladanna,Polokwane","0704","1 School Road, Bendor","Next to Mall of the North","Polokwane","0699","015 296 1315","TA150","Take 5 Orange 100% 6x1.5lt",1,243.83,3
"Shell","Take 5 Juice",23/07/2025,"IN-422478","P2249","TABOO TRADING PTY LTD t/aTHE FARMYARD","FILLING STATION (14 D - I)","P.O Box  251","Ladanna,Polokwane","0704","1 School Road, Bendor","Next to Mall of the North","Polokwane","0699","015 296 1315","TA156","Take 5  Cranberry 100% 6x1.5lt",1,243.83,3
"Shell","Take 5 Juice",23/07/2025,"IN-422478","P2249","TABOO TRADING PTY LTD t/aTHE FARMYARD","FILLING STATION (14 D - I)","P.O Box  251","Ladanna,Polokwane","0704","1 School Road, Bendor","Next to Mall of the North","Polokwane","0699","015 296 1315","TA504","Take 5 Apple  100% 10x500ml",1,174.48,3
"Shell","Waterberg",23/07/2025,"IN-422478","P2249","TABOO TRADING PTY LTD t/aTHE FARMYARD","FILLING STATION (14 D - I)","P.O Box  251","Ladanna,Polokwane","0704","1 School Road, Bendor","Next to Mall of the North","Polokwane","0699","015 296 1315","W006","W/B Still  1x10lt",20,582.61,3
"Sasol","Sweets",23/07/2025,"IN-422479","P406","ALGASPEX (PTY)LTD 7D t/a SASOL BOAB","P.O.BOX 4025","POLOKWANE","","","3 ALOE VERS STREET (OFF MUNNIK AVE)","POLOKWANE","","","082 202 4666","B1955","Jungle Energy Bar Yoghurt 30's",1,270,3
"Sasol","Diplomat",23/07/2025,"IN-422479","P406","ALGASPEX (PTY)LTD 7D t/a SASOL BOAB","P.O.BOX 4025","POLOKWANE","","","3 ALOE VERS STREET (OFF MUNNIK AVE)","POLOKWANE","","","082 202 4666","C16770","Chappies Watermelon 100's",2,80,3
"Sasol","Diplomat",23/07/2025,"IN-422479","P406","ALGASPEX (PTY)LTD 7D t/a SASOL BOAB","P.O.BOX 4025","POLOKWANE","","","3 ALOE VERS STREET (OFF MUNNIK AVE)","POLOKWANE","","","082 202 4666","C16774","Chappies Grape 100's",1,40,3
"Sasol","Diplomat",23/07/2025,"IN-422479","P406","ALGASPEX (PTY)LTD 7D t/a SASOL BOAB","P.O.BOX 4025","POLOKWANE","","","3 ALOE VERS STREET (OFF MUNNIK AVE)","POLOKWANE","","","082 202 4666","C672215","Stimorol Infinity Mint 1x12",4,810.44,3
"Sasol","Diplomat",23/07/2025,"IN-422479","P406","ALGASPEX (PTY)LTD 7D t/a SASOL BOAB","P.O.BOX 4025","POLOKWANE","","","3 ALOE VERS STREET (OFF MUNNIK AVE)","POLOKWANE","","","082 202 4666","C678176","Stimorol Infinity Trop 1x12",1,202.61,3
"Sasol","Diplomat",23/07/2025,"IN-422479","P406","ALGASPEX (PTY)LTD 7D t/a SASOL BOAB","P.O.BOX 4025","POLOKWANE","","","3 ALOE VERS STREET (OFF MUNNIK AVE)","POLOKWANE","","","082 202 4666","C680588","Stimorol Infinity Berry Party 1x12",1,202.61,3
"Sasol","Vapes",23/07/2025,"IN-422479","P406","ALGASPEX (PTY)LTD 7D t/a SASOL BOAB","P.O.BOX 4025","POLOKWANE","","","3 ALOE VERS STREET (OFF MUNNIK AVE)","POLOKWANE","","","082 202 4666","EXBL900","E-Xhale Blueberry Lemon 5% 900 Puff",1,696,3
"Sasol","Vapes",23/07/2025,"IN-422479","P406","ALGASPEX (PTY)LTD 7D t/a SASOL BOAB","P.O.BOX 4025","POLOKWANE","","","3 ALOE VERS STREET (OFF MUNNIK AVE)","POLOKWANE","","","082 202 4666","EXGI900","E-Xhale Guarana Ice 5% 900 Puff",1,696,3
"Sasol","Vapes",23/07/2025,"IN-422479","P406","ALGASPEX (PTY)LTD 7D t/a SASOL BOAB","P.O.BOX 4025","POLOKWANE","","","3 ALOE VERS STREET (OFF MUNNIK AVE)","POLOKWANE","","","082 202 4666","EXKP900","E-Xhale Kiwi Mango P/Apple 0% 900 Puff",1,696,3
"Sasol","Vapes",23/07/2025,"IN-422479","P406","ALGASPEX (PTY)LTD 7D t/a SASOL BOAB","P.O.BOX 4025","POLOKWANE","","","3 ALOE VERS STREET (OFF MUNNIK AVE)","POLOKWANE","","","082 202 4666","EXPC900","E-Xhale Pina Colada 5% 900 Puff",1,696,3
"Sasol","Vapes",23/07/2025,"IN-422479","P406","ALGASPEX (PTY)LTD 7D t/a SASOL BOAB","P.O.BOX 4025","POLOKWANE","","","3 ALOE VERS STREET (OFF MUNNIK AVE)","POLOKWANE","","","082 202 4666","EXSW900","E-Xhale Straw/Watermelon 5% 900 Puff",1,696,3
"Sasol","Biltong",23/07/2025,"IN-422479","P406","ALGASPEX (PTY)LTD 7D t/a SASOL BOAB","P.O.BOX 4025","POLOKWANE","","","3 ALOE VERS STREET (OFF MUNNIK AVE)","POLOKWANE","","","082 202 4666","ZT200","Taki S/P Stokkies 20X40G",1,545.70,3
"Sasol","Biltong",23/07/2025,"IN-422479","P406","ALGASPEX (PTY)LTD 7D t/a SASOL BOAB","P.O.BOX 4025","POLOKWANE","","","3 ALOE VERS STREET (OFF MUNNIK AVE)","POLOKWANE","","","082 202 4666","ZT205","Taki Dry Wors 20x60g",1,545.70,3
"Sasol","Biltong",23/07/2025,"IN-422479","P406","ALGASPEX (PTY)LTD 7D t/a SASOL BOAB","P.O.BOX 4025","POLOKWANE","","","3 ALOE VERS STREET (OFF MUNNIK AVE)","POLOKWANE","","","082 202 4666","ZT206","Taki S/P Beef Strips  20X40G",1,545.70,3
"Shell","Sweets",23/07/2025,"IN-422480","P2249","TABOO TRADING PTY LTD t/aTHE FARMYARD","FILLING STATION (14 D - I)","P.O Box  251","Ladanna,Polokwane","0704","1 School Road, Bendor","Next to Mall of the North","Polokwane","0699","015 296 1315","B012863","Maynards Mini Teddies Disp. 24x60g NEW",1,228.52,3
"Shell","Sweets",23/07/2025,"IN-422480","P2249","TABOO TRADING PTY LTD t/aTHE FARMYARD","FILLING STATION (14 D - I)","P.O Box  251","Ladanna,Polokwane","0704","1 School Road, Bendor","Next to Mall of the North","Polokwane","0699","015 296 1315","B012866","Maynards Mini Babies Disp. 24x60g NEW",1,228.52,3
"Shell","Sweets",23/07/2025,"IN-422480","P2249","TABOO TRADING PTY LTD t/aTHE FARMYARD","FILLING STATION (14 D - I)","P.O Box  251","Ladanna,Polokwane","0704","1 School Road, Bendor","Next to Mall of the North","Polokwane","0699","015 296 1315","B012872","Maynards Jelly Jerseys 24x60G NEW",1,228.52,3
"Shell","Sweets",23/07/2025,"IN-422480","P2249","TABOO TRADING PTY LTD t/aTHE FARMYARD","FILLING STATION (14 D - I)","P.O Box  251","Ladanna,Polokwane","0704","1 School Road, Bendor","Next to Mall of the North","Polokwane","0699","015 296 1315","B012873","Maynards Soft Fruity Gums 24x60g NEW",1,228.52,3
"Shell","Sweets",23/07/2025,"IN-422480","P2249","TABOO TRADING PTY LTD t/aTHE FARMYARD","FILLING STATION (14 D - I)","P.O Box  251","Ladanna,Polokwane","0704","1 School Road, Bendor","Next to Mall of the North","Polokwane","0699","015 296 1315","B3370","Mallow Whippy Vanilla 24x41gr",1,160.47,3
"Sasol","SG - Wrigley's",23/07/2025,"IN-422481","P1827","SASOL PENINA PARK (3%)(7 D - I)**","P. O. Box 3270","Polokwane","0700","","43 Timbavati Street","Penina Park","Polokwane","0699","015 295 3610","AIR201","Wrigley Gum Airwave  Menth/Eucyl 30",1,295.20,3
"Sasol","SG - Wrigley's",23/07/2025,"IN-422481","P1827","SASOL PENINA PARK (3%)(7 D - I)**","P. O. Box 3270","Polokwane","0700","","43 Timbavati Street","Penina Park","Polokwane","0699","015 295 3610","AIR203","Wrigley Gum Airwave  Blackcurrent 30",1,295.20,3
"Sasol","SG - Wrigley's",23/07/2025,"IN-422481","P1827","SASOL PENINA PARK (3%)(7 D - I)**","P. O. Box 3270","Polokwane","0700","","43 Timbavati Street","Penina Park","Polokwane","0699","015 295 3610","AIR205","Wrigley Gum Airwave  Cherry Menthol 30",1,295.20,3
"Sasol","SG - Wrigley's",23/07/2025,"IN-422481","P1827","SASOL PENINA PARK (3%)(7 D - I)**","P. O. Box 3270","Polokwane","0700","","43 Timbavati Street","Penina Park","Polokwane","0699","015 295 3610","AIR206","Wrigley Gum Airwaves Black Mint 30",1,295.20,3
"Sasol","SG - Wrigley's",23/07/2025,"IN-422481","P1827","SASOL PENINA PARK (3%)(7 D - I)**","P. O. Box 3270","Polokwane","0700","","43 Timbavati Street","Penina Park","Polokwane","0699","015 295 3610","AIR207","Wrigley Gum Airwaves Lime&Ginger 30",1,295.20,3
"Sasol","SG - Wrigley's",23/07/2025,"IN-422481","P1827","SASOL PENINA PARK (3%)(7 D - I)**","P. O. Box 3270","Polokwane","0700","","43 Timbavati Street","Penina Park","Polokwane","0699","015 295 3610","ORB172","Wrigley OTC Orbit Bubblemint 30",1,256.20,3
"Sasol","SG - Wrigley's",23/07/2025,"IN-422481","P1827","SASOL PENINA PARK (3%)(7 D - I)**","P. O. Box 3270","Polokwane","0700","","43 Timbavati Street","Penina Park","Polokwane","0699","015 295 3610","ORB173","Wrigley OTC Orbit Peppermint 30",1,256.20,3
"Sasol","SG - Wrigley's",23/07/2025,"IN-422481","P1827","SASOL PENINA PARK (3%)(7 D - I)**","P. O. Box 3270","Polokwane","0700","","43 Timbavati Street","Penina Park","Polokwane","0699","015 295 3610","ORB174","Wrigley OTC Orbit Spearmint 30",1,256.20,3
"Sasol","SG - Wrigley's",23/07/2025,"IN-422481","P1827","SASOL PENINA PARK (3%)(7 D - I)**","P. O. Box 3270","Polokwane","0700","","43 Timbavati Street","Penina Park","Polokwane","0699","015 295 3610","ORB175","Wrigley OTC Orbit Watermelon 30",1,256.20,3
"Sasol","SG - Wrigley's",23/07/2025,"IN-422481","P1827","SASOL PENINA PARK (3%)(7 D - I)**","P. O. Box 3270","Polokwane","0700","","43 Timbavati Street","Penina Park","Polokwane","0699","015 295 3610","ORB176","Wrigley OTC Orbit Prof White 30",1,256.20,3
"Sasol","SG - Wrigley's",23/07/2025,"IN-422481","P1827","SASOL PENINA PARK (3%)(7 D - I)**","P. O. Box 3270","Polokwane","0700","","43 Timbavati Street","Penina Park","Polokwane","0699","015 295 3610","ORB177","Wrigley OTC Orbit Prof Strong Mint 30",1,256.20,3
"Sasol","SG - Wrigley's",23/07/2025,"IN-422481","P1827","SASOL PENINA PARK (3%)(7 D - I)**","P. O. Box 3270","Polokwane","0700","","43 Timbavati Street","Penina Park","Polokwane","0699","015 295 3610","ORB179","Wrigley OTC Orbit Strawberry 30",1,256.20,3
"ALL Other","Sweets",23/07/2025,"IN-422482","P026","QADC MHANZA (7D C)","40 Limpopo Street","Shop 4 & 5","Peninapark","Polokwane","40 Limpopo Street/Shop 4 en 5","Penina Park","Polokwane","0699","072 886 0064","B012866","Maynards Mini Babies Disp. 24x60g NEW",1,258.13,3
"ALL Other","Sweets",23/07/2025,"IN-422482","P026","QADC MHANZA (7D C)","40 Limpopo Street","Shop 4 & 5","Peninapark","Polokwane","40 Limpopo Street/Shop 4 en 5","Penina Park","Polokwane","0699","072 886 0064","B2148","Maynards Orig W/Gums Roll 36 x 39g",1,286.13,3
"Sasol","Waterberg",23/07/2025,"IN-422483","P406","ALGASPEX (PTY)LTD 7D t/a SASOL BOAB","P.O.BOX 4025","POLOKWANE","","","3 ALOE VERS STREET (OFF MUNNIK AVE)","POLOKWANE","","","082 202 4666","GO-WB5","W/Berg Still 1x5lt each",12,182.61,3
"Sasol","Mageu",23/07/2025,"IN-422483","P406","ALGASPEX (PTY)LTD 7D t/a SASOL BOAB","P.O.BOX 4025","POLOKWANE","","","3 ALOE VERS STREET (OFF MUNNIK AVE)","POLOKWANE","","","082 202 4666","MA004","Mageu  Mabele  10x500ml",1,103.36,3
"Sasol","The Beverage Co",23/07/2025,"IN-422483","P406","ALGASPEX (PTY)LTD 7D t/a SASOL BOAB","P.O.BOX 4025","POLOKWANE","","","3 ALOE VERS STREET (OFF MUNNIK AVE)","POLOKWANE","","","082 202 4666","P5500107","Super C Can Apple 6x4x500ml",1,155.17,3
"Sasol","The Beverage Co",23/07/2025,"IN-422483","P406","ALGASPEX (PTY)LTD 7D t/a SASOL BOAB","P.O.BOX 4025","POLOKWANE","","","3 ALOE VERS STREET (OFF MUNNIK AVE)","POLOKWANE","","","082 202 4666","P660185","Super C Org Sparkling Glucose 6x4x500ml",2,310.34,3
"Sasol","The Beverage Co",23/07/2025,"IN-422483","P406","ALGASPEX (PTY)LTD 7D t/a SASOL BOAB","P.O.BOX 4025","POLOKWANE","","","3 ALOE VERS STREET (OFF MUNNIK AVE)","POLOKWANE","","","082 202 4666","P861302","Pepsi Max Pet 12x500ml",2,176.64,3
"Sasol","Aquelle",23/07/2025,"IN-422483","P406","ALGASPEX (PTY)LTD 7D t/a SASOL BOAB","P.O.BOX 4025","POLOKWANE","","","3 ALOE VERS STREET (OFF MUNNIK AVE)","POLOKWANE","","","082 202 4666","QU201","aQuelle Still 6x500ml",10,326,3
"Sasol","Aquelle",23/07/2025,"IN-422483","P406","ALGASPEX (PTY)LTD 7D t/a SASOL BOAB","P.O.BOX 4025","POLOKWANE","","","3 ALOE VERS STREET (OFF MUNNIK AVE)","POLOKWANE","","","082 202 4666","QU202","aQuelle Sparkling 6x500ml",5,163,3
"Sasol","Aquelle",23/07/2025,"IN-422483","P406","ALGASPEX (PTY)LTD 7D t/a SASOL BOAB","P.O.BOX 4025","POLOKWANE","","","3 ALOE VERS STREET (OFF MUNNIK AVE)","POLOKWANE","","","082 202 4666","QU301","aQuelle Still 6x750ml",10,504,3
"Sasol","Aquelle",23/07/2025,"IN-422483","P406","ALGASPEX (PTY)LTD 7D t/a SASOL BOAB","P.O.BOX 4025","POLOKWANE","","","3 ALOE VERS STREET (OFF MUNNIK AVE)","POLOKWANE","","","082 202 4666","QU401","aQuelle Still 6x1.5lt",8,436.80,3
"Sasol","Aquelle",23/07/2025,"IN-422483","P406","ALGASPEX (PTY)LTD 7D t/a SASOL BOAB","P.O.BOX 4025","POLOKWANE","","","3 ALOE VERS STREET (OFF MUNNIK AVE)","POLOKWANE","","","082 202 4666","QU402","aQuelle Sparkling 6x1.5lt",5,273,3
"Sasol","Aquelle",23/07/2025,"IN-422483","P406","ALGASPEX (PTY)LTD 7D t/a SASOL BOAB","P.O.BOX 4025","POLOKWANE","","","3 ALOE VERS STREET (OFF MUNNIK AVE)","POLOKWANE","","","082 202 4666","QU501","aQuelle Still 4x5lt",3,250.50,3
"Sasol","Dairy Products",23/07/2025,"IN-422483","P406","ALGASPEX (PTY)LTD 7D t/a SASOL BOAB","P.O.BOX 4025","POLOKWANE","","","3 ALOE VERS STREET (OFF MUNNIK AVE)","POLOKWANE","","","082 202 4666","SQ201","SQ D/Thick 12x300ml Chocolate",1,134.78,3
"Sasol","Energy Drinks",23/07/2025,"IN-422483","P406","ALGASPEX (PTY)LTD 7D t/a SASOL BOAB","P.O.BOX 4025","POLOKWANE","","","3 ALOE VERS STREET (OFF MUNNIK AVE)","POLOKWANE","","","082 202 4666","SWI017","Switch Vit C Orange  24x500ml",1,176.09,3
"ALL Other","Snack a Juice",23/07/2025,"IN-422484","P471","KING PIE GAME CENTRE PLK (21 D - I)","Henbase 2140 cc t/a King Pie","Game Centre Polokwane","Reg No.: 1996/030971/23","P.O. Box 50, Fauna Park PLK","Game Centre, Unit 5B","Cnr Market & Hospital Street","Polokwane","0699","063 387 8664","SJ202","Snack a Juice C/Tail S/C 100% 24x500ml",1,309.53,1
"ALL Other","Snack a Juice",23/07/2025,"IN-422484","P471","KING PIE GAME CENTRE PLK (21 D - I)","Henbase 2140 cc t/a King Pie","Game Centre Polokwane","Reg No.: 1996/030971/23","P.O. Box 50, Fauna Park PLK","Game Centre, Unit 5B","Cnr Market & Hospital Street","Polokwane","0699","063 387 8664","SJ205","Snack a Juice Guava S/C 20% 24x500ml",1,309.53,1
"ALL Other","Snack a Juice",23/07/2025,"IN-422484","P471","KING PIE GAME CENTRE PLK (21 D - I)","Henbase 2140 cc t/a King Pie","Game Centre Polokwane","Reg No.: 1996/030971/23","P.O. Box 50, Fauna Park PLK","Game Centre, Unit 5B","Cnr Market & Hospital Street","Polokwane","0699","063 387 8664","SJ206","Snack a Juice Litchi S/C 100% 24x500ml",1,309.53,1
"ALL Other","Snack a Juice",23/07/2025,"IN-422484","P471","KING PIE GAME CENTRE PLK (21 D - I)","Henbase 2140 cc t/a King Pie","Game Centre Polokwane","Reg No.: 1996/030971/23","P.O. Box 50, Fauna Park PLK","Game Centre, Unit 5B","Cnr Market & Hospital Street","Polokwane","0699","063 387 8664","SJ208","Snack a Juice Cranb S/C 100% 24x500ml",1,309.53,1
"ALL Other","Snack a Juice",23/07/2025,"IN-422484","P471","KING PIE GAME CENTRE PLK (21 D - I)","Henbase 2140 cc t/a King Pie","Game Centre Polokwane","Reg No.: 1996/030971/23","P.O. Box 50, Fauna Park PLK","Game Centre, Unit 5B","Cnr Market & Hospital Street","Polokwane","0699","063 387 8664","SJ209","Snack a Juice Breakfast Punch 100% 24x500ml",1,309.53,1
"ALL Other","Energy Drinks",23/07/2025,"IN-422484","P471","KING PIE GAME CENTRE PLK (21 D - I)","Henbase 2140 cc t/a King Pie","Game Centre Polokwane","Reg No.: 1996/030971/23","P.O. Box 50, Fauna Park PLK","Game Centre, Unit 5B","Cnr Market & Hospital Street","Polokwane","0699","063 387 8664","SWI017","Switch Vit C Orange  24x500ml",1,176.09,1
"ALL Other","Vapes",23/07/2025,"IN-422485","P3720","GIGIS  MINIMARK PTY( LTD (3 DAYS EFT)","P.O.BOX 110","VAALWATER","","","GEDEELTE 24 PLAAS BOEKENHOUTKLOOF RR187","ALMA DISTRIK RR33","WATERBERG","ALMA","014 161 0757","TROB100","Tropic Bar 10 000 Puff Energy",2,4337.60,11
"ALL Other","Sweets",23/07/2025,"IN-422486","P2303","MORIAH FOOD PRODUCTS (3 DAY EFT)","P.O. Box 55","Hoedspruit","","1380","Farm Moriah Hoedspruit","","Hoedspruit","1380","087 806 2099 Karin","C8004308","Cadbury 5 Star 32x48.5g",1,372.66,42
"ALL Other","Nestle",23/07/2025,"IN-422486","P2303","MORIAH FOOD PRODUCTS (3 DAY EFT)","P.O. Box 55","Hoedspruit","","1380","Farm Moriah Hoedspruit","","Hoedspruit","1380","087 806 2099 Karin","NES001PC","Nestle CRISP Peppermint 40x49g",1,500,42
"ALL Other","Take 5 Juice",23/07/2025,"IN-422487","P707","INTERNATIONAL TRAVEL SHOP (PTY) LTD(30DC","P O Box 1212","","Messina","0900","Itsa Border Shops,Duty Free Shops","Beitbridge","Musina","","015 530 0271/2/adele","TA210","Take 5 Drinking Yog Choc Mousse Tai 10x300gm",2,248.20,16
"ALL Other","Take 5 Juice",23/07/2025,"IN-422487","P707","INTERNATIONAL TRAVEL SHOP (PTY) LTD(30DC","P O Box 1212","","Messina","0900","Itsa Border Shops,Duty Free Shops","Beitbridge","Musina","","015 530 0271/2/adele","TA212","Take 5 Drinking Yogh Straw Crm10x300gm",5,620.50,16
"Spar","Energy Drinks",23/07/2025,"IN-422488","P1647","SPAR LOWVELD GROUP (602086)(30 DS - I)","P.O. Box 33","Nelspruit","1200","","","","","","013 231 8156","SWI001","Switch Original 24x500ml",1,189.57,17
"Spar","Energy Drinks",23/07/2025,"IN-422488","P1647","SPAR LOWVELD GROUP (602086)(30 DS - I)","P.O. Box 33","Nelspruit","1200","","","","","","013 231 8156","SWI002","Switch Energy Element 24x500ml",2,379.14,17
"Spar","Energy Drinks",23/07/2025,"IN-422488","P1647","SPAR LOWVELD GROUP (602086)(30 DS - I)","P.O. Box 33","Nelspruit","1200","","","","","","013 231 8156","SWI012","Switch G/Fruit Naartjie VIT C 24x500ml",2,379.14,17
"Spar","Energy Drinks",23/07/2025,"IN-422488","P1647","SPAR LOWVELD GROUP (602086)(30 DS - I)","P.O. Box 33","Nelspruit","1200","","","","","","013 231 8156","SWI017","Switch Vit C Orange  24x500ml",2,379.14,17
"Spar","Energy Drinks",23/07/2025,"IN-422488","P1647","SPAR LOWVELD GROUP (602086)(30 DS - I)","P.O. Box 33","Nelspruit","1200","","","","","","013 231 8156","SWI040","Biogen Goji Berry/Blood Orange 24x500ml",1,189.57,17
"Engen","Bromor Foods",23/07/2025,"IN-422489","P3400","ENGEN BURGERSFORT (I)","P.O. Box 1474","Mulbarton","","2059","2484 Dirk Winterbak Str ext 13","Next to OK mini Market","Burgersfort","1150","013 231 7692","BR018","Oros  Mango  24X300ML",1,163.24,17
"Engen","Energy Drinks",23/07/2025,"IN-422489","P3400","ENGEN BURGERSFORT (I)","P.O. Box 1474","Mulbarton","","2059","2484 Dirk Winterbak Str ext 13","Next to OK mini Market","Burgersfort","1150","013 231 7692","SWI001","Switch Original 24x500ml",3,528.26,17
"Engen","Energy Drinks",23/07/2025,"IN-422489","P3400","ENGEN BURGERSFORT (I)","P.O. Box 1474","Mulbarton","","2059","2484 Dirk Winterbak Str ext 13","Next to OK mini Market","Burgersfort","1150","013 231 7692","SWI007","Switch Cranberry/Cherry 24x500ml",2,352.17,17
"ALL Other","Squeeze Mee",23/07/2025,"IN-422490","P424","ELTZUR (PTY)LTD (CAD)","POSTNET SUITE 12","P/BAG X20097","LYDENBURG","","STEELPOORT PRIMARY SCHOOL KIOSK","STEELPOORT","","","082 921 1162","SQ002","Squeeze-Mee Strawberry 40x130ml",1,279.13,17
"ALL Other","Squeeze Mee",23/07/2025,"IN-422490","P424","ELTZUR (PTY)LTD (CAD)","POSTNET SUITE 12","P/BAG X20097","LYDENBURG","","STEELPOORT PRIMARY SCHOOL KIOSK","STEELPOORT","","","082 921 1162","SQ011","Squeeze-Mee Tof/Car 40x130ml",1,279.13,17
"ALL Other","Novelties",23/07/2025,"IN-422490","P424","ELTZUR (PTY)LTD (CAD)","POSTNET SUITE 12","P/BAG X20097","LYDENBURG","","STEELPOORT PRIMARY SCHOOL KIOSK","STEELPOORT","","","082 921 1162","TROPPOP41","Troppi Pops Litchi 4x(10x200ml)",3,313.04,17
"ALL Other","Novelties",23/07/2025,"IN-422490","P424","ELTZUR (PTY)LTD (CAD)","POSTNET SUITE 12","P/BAG X20097","LYDENBURG","","STEELPOORT PRIMARY SCHOOL KIOSK","STEELPOORT","","","082 921 1162","TROPPOP42","Troppi Pops Mango 4x(10x200ml)",1,104.35,17
"ALL Other","Novelties",23/07/2025,"IN-422491","P3632","JOSHUA GENERATION CHRISTIAN SCHOOL (CAD)","PO BOX 69","STEELPOORT","","","5&6 MIMOSA STREET","WINTERVELD BOTTEM VILLAGE","STEELPOORT","","082 375 6181 ESTELLE","TROPPOP40","Troppi Pops Pea/Apri 4x(10x200ml)",1,104.35,17
"ALL Other","Novelties",23/07/2025,"IN-422491","P3632","JOSHUA GENERATION CHRISTIAN SCHOOL (CAD)","PO BOX 69","STEELPOORT","","","5&6 MIMOSA STREET","WINTERVELD BOTTEM VILLAGE","STEELPOORT","","082 375 6181 ESTELLE","TROPPOP41","Troppi Pops Litchi 4x(10x200ml)",1,104.35,17
"ALL Other","Novelties",23/07/2025,"IN-422491","P3632","JOSHUA GENERATION CHRISTIAN SCHOOL (CAD)","PO BOX 69","STEELPOORT","","","5&6 MIMOSA STREET","WINTERVELD BOTTEM VILLAGE","STEELPOORT","","082 375 6181 ESTELLE","TROPPOP42","Troppi Pops Mango 4x(10x200ml)",1,104.35,17
"ALL Other","Novelties",23/07/2025,"IN-422491","P3632","JOSHUA GENERATION CHRISTIAN SCHOOL (CAD)","PO BOX 69","STEELPOORT","","","5&6 MIMOSA STREET","WINTERVELD BOTTEM VILLAGE","STEELPOORT","","082 375 6181 ESTELLE","TROPPOP43","Troppi Pops Guava 4x(10x200ml)",1,104.35,17
"ALL Other","Energy Drinks",23/07/2025,"IN-422492","P3886","CHRIS  BRITS TRUST T/A KING PIE (CAD)","SHOP 60A KING PIE TUBATSE CROSSING","NORTH EAST CBR NR37/R555","DIRK WINTERBACH STREET","BURGERSFORT","SHOP 60A  TUBATSE CROSSING","NORTH EAST CNR NR37/R555","DIRK WINTERBACH STREET","BURGERSFORT","076 9999159 themba","DRA002","Dragon Energy Drinks 24x500ml",2,400,17
"ALL Other","Snack a Juice",23/07/2025,"IN-422492","P3886","CHRIS  BRITS TRUST T/A KING PIE (CAD)","SHOP 60A KING PIE TUBATSE CROSSING","NORTH EAST CBR NR37/R555","DIRK WINTERBACH STREET","BURGERSFORT","SHOP 60A  TUBATSE CROSSING","NORTH EAST CNR NR37/R555","DIRK WINTERBACH STREET","BURGERSFORT","076 9999159 themba","SJ201","Snack a Juice Org S/C 100% 24x500ml",1,343.92,17
"ALL Other","Snack a Juice",23/07/2025,"IN-422492","P3886","CHRIS  BRITS TRUST T/A KING PIE (CAD)","SHOP 60A KING PIE TUBATSE CROSSING","NORTH EAST CBR NR37/R555","DIRK WINTERBACH STREET","BURGERSFORT","SHOP 60A  TUBATSE CROSSING","NORTH EAST CNR NR37/R555","DIRK WINTERBACH STREET","BURGERSFORT","076 9999159 themba","SJ202","Snack a Juice C/Tail S/C 100% 24x500ml",1,343.92,17
"ALL Other","Snack a Juice",23/07/2025,"IN-422492","P3886","CHRIS  BRITS TRUST T/A KING PIE (CAD)","SHOP 60A KING PIE TUBATSE CROSSING","NORTH EAST CBR NR37/R555","DIRK WINTERBACH STREET","BURGERSFORT","SHOP 60A  TUBATSE CROSSING","NORTH EAST CNR NR37/R555","DIRK WINTERBACH STREET","BURGERSFORT","076 9999159 themba","SJ203","Snack a Juice Mango S/C 100% 24x500ml",1,343.92,17
"ALL Other","Snack a Juice",23/07/2025,"IN-422492","P3886","CHRIS  BRITS TRUST T/A KING PIE (CAD)","SHOP 60A KING PIE TUBATSE CROSSING","NORTH EAST CBR NR37/R555","DIRK WINTERBACH STREET","BURGERSFORT","SHOP 60A  TUBATSE CROSSING","NORTH EAST CNR NR37/R555","DIRK WINTERBACH STREET","BURGERSFORT","076 9999159 themba","SJ204","Snack a Juice App S/C 100% 24x500ml",1,343.92,17
"ALL Other","Snack a Juice",23/07/2025,"IN-422492","P3886","CHRIS  BRITS TRUST T/A KING PIE (CAD)","SHOP 60A KING PIE TUBATSE CROSSING","NORTH EAST CBR NR37/R555","DIRK WINTERBACH STREET","BURGERSFORT","SHOP 60A  TUBATSE CROSSING","NORTH EAST CNR NR37/R555","DIRK WINTERBACH STREET","BURGERSFORT","076 9999159 themba","SJ205","Snack a Juice Guava S/C 20% 24x500ml",1,343.92,17
"ALL Other","Snack a Juice",23/07/2025,"IN-422492","P3886","CHRIS  BRITS TRUST T/A KING PIE (CAD)","SHOP 60A KING PIE TUBATSE CROSSING","NORTH EAST CBR NR37/R555","DIRK WINTERBACH STREET","BURGERSFORT","SHOP 60A  TUBATSE CROSSING","NORTH EAST CNR NR37/R555","DIRK WINTERBACH STREET","BURGERSFORT","076 9999159 themba","SJ206","Snack a Juice Litchi S/C 100% 24x500ml",1,343.92,17
"ALL Other","Snack a Juice",23/07/2025,"IN-422492","P3886","CHRIS  BRITS TRUST T/A KING PIE (CAD)","SHOP 60A KING PIE TUBATSE CROSSING","NORTH EAST CBR NR37/R555","DIRK WINTERBACH STREET","BURGERSFORT","SHOP 60A  TUBATSE CROSSING","NORTH EAST CNR NR37/R555","DIRK WINTERBACH STREET","BURGERSFORT","076 9999159 themba","SJ208","Snack a Juice Cranb S/C 100% 24x500ml",1,343.92,17
"ALL Other","Snack a Juice",23/07/2025,"IN-422492","P3886","CHRIS  BRITS TRUST T/A KING PIE (CAD)","SHOP 60A KING PIE TUBATSE CROSSING","NORTH EAST CBR NR37/R555","DIRK WINTERBACH STREET","BURGERSFORT","SHOP 60A  TUBATSE CROSSING","NORTH EAST CNR NR37/R555","DIRK WINTERBACH STREET","BURGERSFORT","076 9999159 themba","SJ209","Snack a Juice Breakfast Punch 100% 24x500ml",1,343.92,17
"ALL Other","Mageu",23/07/2025,"IN-422493","P3560","INZUBEX PTY LTD (7 DAYS EFT )","PO BOX 145","THORNHILL BENDOR","POLOKWANE","0884","CNR R37 ROAD AND BOTHAS HOEK","BURGERSFORT","","","015 298 8531","MA001","Mageu  Banana 10x500ml",1,103.36,17
"ALL Other","Mageu",23/07/2025,"IN-422493","P3560","INZUBEX PTY LTD (7 DAYS EFT )","PO BOX 145","THORNHILL BENDOR","POLOKWANE","0884","CNR R37 ROAD AND BOTHAS HOEK","BURGERSFORT","","","015 298 8531","MA004","Mageu  Mabele  10x500ml",2,206.72,17
"ALL Other","Mageu",23/07/2025,"IN-422493","P3560","INZUBEX PTY LTD (7 DAYS EFT )","PO BOX 145","THORNHILL BENDOR","POLOKWANE","0884","CNR R37 ROAD AND BOTHAS HOEK","BURGERSFORT","","","015 298 8531","MA010","Mageu  Banana  10x1lt",1,148.23,17
"ALL Other","Mageu",23/07/2025,"IN-422493","P3560","INZUBEX PTY LTD (7 DAYS EFT )","PO BOX 145","THORNHILL BENDOR","POLOKWANE","0884","CNR R37 ROAD AND BOTHAS HOEK","BURGERSFORT","","","015 298 8531","MA013","Mageu  Mabele 10x1lt",2,296.46,17
"ALL Other","Snack a Juice",23/07/2025,"IN-422493","P3560","INZUBEX PTY LTD (7 DAYS EFT )","PO BOX 145","THORNHILL BENDOR","POLOKWANE","0884","CNR R37 ROAD AND BOTHAS HOEK","BURGERSFORT","","","015 298 8531","SJ201","Snack a Juice Org S/C 100% 24x500ml",1,343.92,17
"ALL Other","Snack a Juice",23/07/2025,"IN-422493","P3560","INZUBEX PTY LTD (7 DAYS EFT )","PO BOX 145","THORNHILL BENDOR","POLOKWANE","0884","CNR R37 ROAD AND BOTHAS HOEK","BURGERSFORT","","","015 298 8531","SJ202","Snack a Juice C/Tail S/C 100% 24x500ml",1,343.92,17
"ALL Other","Snack a Juice",23/07/2025,"IN-422493","P3560","INZUBEX PTY LTD (7 DAYS EFT )","PO BOX 145","THORNHILL BENDOR","POLOKWANE","0884","CNR R37 ROAD AND BOTHAS HOEK","BURGERSFORT","","","015 298 8531","SJ203","Snack a Juice Mango S/C 100% 24x500ml",1,343.92,17
"ALL Other","Snack a Juice",23/07/2025,"IN-422493","P3560","INZUBEX PTY LTD (7 DAYS EFT )","PO BOX 145","THORNHILL BENDOR","POLOKWANE","0884","CNR R37 ROAD AND BOTHAS HOEK","BURGERSFORT","","","015 298 8531","SJ205","Snack a Juice Guava S/C 20% 24x500ml",1,343.92,17
"ALL Other","Snack a Juice",23/07/2025,"IN-422493","P3560","INZUBEX PTY LTD (7 DAYS EFT )","PO BOX 145","THORNHILL BENDOR","POLOKWANE","0884","CNR R37 ROAD AND BOTHAS HOEK","BURGERSFORT","","","015 298 8531","SJ206","Snack a Juice Litchi S/C 100% 24x500ml",1,343.92,17
"ALL Other","Bromor Foods",23/07/2025,"IN-422494","P3982","BA TAU INVESTMENTS (CAD)","6 KERK STR","POLOKWANE","","","C/O D2537&D4140 FRAKFAT FARM","BURGERSFORT","","","082 424 3251","BR002","Energade Naartjie 24X500ML",1,239.56,17
"ALL Other","National Brands",23/07/2025,"IN-422494","P3982","BA TAU INVESTMENTS (CAD)","6 KERK STR","POLOKWANE","","","C/O D2537&D4140 FRAKFAT FARM","BURGERSFORT","","","082 424 3251","NB10951","Bkrs Toppers Choc 12x125g",1,114.50,17
"ALL Other","National Brands",23/07/2025,"IN-422494","P3982","BA TAU INVESTMENTS (CAD)","6 KERK STR","POLOKWANE","","","C/O D2537&D4140 FRAKFAT FARM","BURGERSFORT","","","082 424 3251","NB10955","Bkrs Toppers Van 12x125g",1,114.50,17
"ALL Other","National Brands",23/07/2025,"IN-422494","P3982","BA TAU INVESTMENTS (CAD)","6 KERK STR","POLOKWANE","","","C/O D2537&D4140 FRAKFAT FARM","BURGERSFORT","","","082 424 3251","NB10957","Bkrs Toppers Custard 12x125g",1,114.50,17
"ALL Other","Aquelle",23/07/2025,"IN-422494","P3982","BA TAU INVESTMENTS (CAD)","6 KERK STR","POLOKWANE","","","C/O D2537&D4140 FRAKFAT FARM","BURGERSFORT","","","082 424 3251","QU202","aQuelle Sparkling 6x500ml",1,32.60,17
"ALL Other","Aquelle",23/07/2025,"IN-422494","P3982","BA TAU INVESTMENTS (CAD)","6 KERK STR","POLOKWANE","","","C/O D2537&D4140 FRAKFAT FARM","BURGERSFORT","","","082 424 3251","QU402","aQuelle Sparkling 6x1.5lt",1,54.60,17
"ALL Other","Aquelle",23/07/2025,"IN-422494","P3982","BA TAU INVESTMENTS (CAD)","6 KERK STR","POLOKWANE","","","C/O D2537&D4140 FRAKFAT FARM","BURGERSFORT","","","082 424 3251","QU602","aQuelle Naartjie 6x500ml",1,42,17
"OK","Foxi Snax",23/07/2025,"IN-422495","P160","ENGEN Q TEMBA FILLING STATION  (7 D - I)","P.O. Box 1100","Steelpoort","1133","","Dirk Winterbach Street","","Burgersfort","1150","013 231 7566","FNP004","Foxi Puffs Spicy Tomato 20x50g",1,85.65,17
"OK","Foxi Snax",23/07/2025,"IN-422495","P160","ENGEN Q TEMBA FILLING STATION  (7 D - I)","P.O. Box 1100","Steelpoort","1133","","Dirk Winterbach Street","","Burgersfort","1150","013 231 7566","FNP005","Foxi Puffs Sweet Chilli 20x50g",1,85.65,17
"OK","Frimax",23/07/2025,"IN-422495","P160","ENGEN Q TEMBA FILLING STATION  (7 D - I)","P.O. Box 1100","Steelpoort","1133","","Dirk Winterbach Street","","Burgersfort","1150","013 231 7566","FRIM012","Frimax PC Fruit Chutney 24x125g",1,326.61,17
"OK","Mageu",23/07/2025,"IN-422495","P160","ENGEN Q TEMBA FILLING STATION  (7 D - I)","P.O. Box 1100","Steelpoort","1133","","Dirk Winterbach Street","","Burgersfort","1150","013 231 7566","MA010","Mageu  Banana  10x1lt",1,148.23,17
"OK","Mageu",23/07/2025,"IN-422495","P160","ENGEN Q TEMBA FILLING STATION  (7 D - I)","P.O. Box 1100","Steelpoort","1133","","Dirk Winterbach Street","","Burgersfort","1150","013 231 7566","MA013","Mageu  Mabele 10x1lt",2,296.46,17
"OK","The Beverage Co",23/07/2025,"IN-422495","P160","ENGEN Q TEMBA FILLING STATION  (7 D - I)","P.O. Box 1100","Steelpoort","1133","","Dirk Winterbach Street","","Burgersfort","1150","013 231 7566","P860007","Mirinda 6x2lt",1,88.30,17
"OK","Aquelle",23/07/2025,"IN-422495","P160","ENGEN Q TEMBA FILLING STATION  (7 D - I)","P.O. Box 1100","Steelpoort","1133","","Dirk Winterbach Street","","Burgersfort","1150","013 231 7566","QU201","aQuelle Still 6x500ml",5,163,17
"OK","Aquelle",23/07/2025,"IN-422495","P160","ENGEN Q TEMBA FILLING STATION  (7 D - I)","P.O. Box 1100","Steelpoort","1133","","Dirk Winterbach Street","","Burgersfort","1150","013 231 7566","QU401","aQuelle Still 6x1.5lt",10,546,17
"OK","Aquelle",23/07/2025,"IN-422495","P160","ENGEN Q TEMBA FILLING STATION  (7 D - I)","P.O. Box 1100","Steelpoort","1133","","Dirk Winterbach Street","","Burgersfort","1150","013 231 7566","QU501","aQuelle Still 4x5lt",5,417.50,17
"OK","Aquelle",23/07/2025,"IN-422495","P160","ENGEN Q TEMBA FILLING STATION  (7 D - I)","P.O. Box 1100","Steelpoort","1133","","Dirk Winterbach Street","","Burgersfort","1150","013 231 7566","QU701","aQuelle Litchi 6x1.5lt",3,239.40,17
"OK","Aquelle",23/07/2025,"IN-422495","P160","ENGEN Q TEMBA FILLING STATION  (7 D - I)","P.O. Box 1100","Steelpoort","1133","","Dirk Winterbach Street","","Burgersfort","1150","013 231 7566","QU702","aQuelle Naartjie 6x1.5lt",3,239.40,17
"OK","Aquelle",23/07/2025,"IN-422495","P160","ENGEN Q TEMBA FILLING STATION  (7 D - I)","P.O. Box 1100","Steelpoort","1133","","Dirk Winterbach Street","","Burgersfort","1150","013 231 7566","QU703","aQuelle Strawberry 6x1.5lt",3,239.40,17
"OK","Aquelle",23/07/2025,"IN-422495","P160","ENGEN Q TEMBA FILLING STATION  (7 D - I)","P.O. Box 1100","Steelpoort","1133","","Dirk Winterbach Street","","Burgersfort","1150","013 231 7566","QU707","aQuelle Marula 6x1.5lt",3,239.40,17
"OK","Aquelle",23/07/2025,"IN-422495","P160","ENGEN Q TEMBA FILLING STATION  (7 D - I)","P.O. Box 1100","Steelpoort","1133","","Dirk Winterbach Street","","Burgersfort","1150","013 231 7566","QU708","aQuelle Watermelon 6x1.5lt",3,239.40,17
"OK","Aquelle",23/07/2025,"IN-422495","P160","ENGEN Q TEMBA FILLING STATION  (7 D - I)","P.O. Box 1100","Steelpoort","1133","","Dirk Winterbach Street","","Burgersfort","1150","013 231 7566","QU709","aQuelle Honey Melon 6x1.5lt",3,239.40,17
"OK","Energy Drinks",23/07/2025,"IN-422495","P160","ENGEN Q TEMBA FILLING STATION  (7 D - I)","P.O. Box 1100","Steelpoort","1133","","Dirk Winterbach Street","","Burgersfort","1150","013 231 7566","SWI002","Switch Energy Element 24x500ml",1,176.09,17
"OK","Energy Drinks",23/07/2025,"IN-422495","P160","ENGEN Q TEMBA FILLING STATION  (7 D - I)","P.O. Box 1100","Steelpoort","1133","","Dirk Winterbach Street","","Burgersfort","1150","013 231 7566","SWI007","Switch Cranberry/Cherry 24x500ml",1,176.09,17
"OK","Energy Drinks",23/07/2025,"IN-422495","P160","ENGEN Q TEMBA FILLING STATION  (7 D - I)","P.O. Box 1100","Steelpoort","1133","","Dirk Winterbach Street","","Burgersfort","1150","013 231 7566","SWI017","Switch Vit C Orange  24x500ml",1,176.09,17
"Spar","Snack a Juice",23/07/2025,"IN-422496","P1647","SPAR LOWVELD GROUP (602086)(30 DS - I)","P.O. Box 33","Nelspruit","1200","","","","","","013 231 8156","SJ201","Snack a Juice Org S/C 100% 24x500ml",1,354.24,17
"Spar","Snack a Juice",23/07/2025,"IN-422496","P1647","SPAR LOWVELD GROUP (602086)(30 DS - I)","P.O. Box 33","Nelspruit","1200","","","","","","013 231 8156","SJ202","Snack a Juice C/Tail S/C 100% 24x500ml",1,354.24,17
"Spar","Snack a Juice",23/07/2025,"IN-422496","P1647","SPAR LOWVELD GROUP (602086)(30 DS - I)","P.O. Box 33","Nelspruit","1200","","","","","","013 231 8156","SJ204","Snack a Juice App S/C 100% 24x500ml",1,354.24,17
"Spar","Snack a Juice",23/07/2025,"IN-422496","P1647","SPAR LOWVELD GROUP (602086)(30 DS - I)","P.O. Box 33","Nelspruit","1200","","","","","","013 231 8156","SJ206","Snack a Juice Litchi S/C 100% 24x500ml",1,354.24,17
"Spar","Snack a Juice",23/07/2025,"IN-422496","P1647","SPAR LOWVELD GROUP (602086)(30 DS - I)","P.O. Box 33","Nelspruit","1200","","","","","","013 231 8156","SJ208","Snack a Juice Cranb S/C 100% 24x500ml",1,354.24,17
"Spar","Snack a Juice",23/07/2025,"IN-422496","P1647","SPAR LOWVELD GROUP (602086)(30 DS - I)","P.O. Box 33","Nelspruit","1200","","","","","","013 231 8156","SJ502","Snack a Juice F/Ctail 100% 9x1.5lit",1,332.55,17
"Spar","Snack a Juice",23/07/2025,"IN-422496","P1647","SPAR LOWVELD GROUP (602086)(30 DS - I)","P.O. Box 33","Nelspruit","1200","","","","","","013 231 8156","SJ503","Snack a Juice Mango 100% 9x1.5lt",1,332.55,17
"Spar","Energy Drinks",23/07/2025,"IN-422496","P1647","SPAR LOWVELD GROUP (602086)(30 DS - I)","P.O. Box 33","Nelspruit","1200","","","","","","013 231 8156","SWI009","Switch Ginger Pine 24x500ml",2,379.14,17
"Spar","Energy Drinks",23/07/2025,"IN-422496","P1647","SPAR LOWVELD GROUP (602086)(30 DS - I)","P.O. Box 33","Nelspruit","1200","","","","","","013 231 8156","SWI019","Switch Mango Peach 24x500ml",2,379.14,17
"Spar","Energy Drinks",23/07/2025,"IN-422496","P1647","SPAR LOWVELD GROUP (602086)(30 DS - I)","P.O. Box 33","Nelspruit","1200","","","","","","013 231 8156","SWI023","Switch Dry Lemon 24x500ml",2,379.14,17
"Spar","Energy Drinks",23/07/2025,"IN-422496","P1647","SPAR LOWVELD GROUP (602086)(30 DS - I)","P.O. Box 33","Nelspruit","1200","","","","","","013 231 8156","SWI039","Switch Tropical 24x500ml",2,379.14,17
"Spar","Energy Drinks",23/07/2025,"IN-422496","P1647","SPAR LOWVELD GROUP (602086)(30 DS - I)","P.O. Box 33","Nelspruit","1200","","","","","","013 231 8156","SWI056","Switch Pineapple Mango & Cherry 24x500ml",2,379.14,17
"Spar","Waterberg NEW",23/07/2025,"IN-422496","P1647","SPAR LOWVELD GROUP (602086)(30 DS - I)","P.O. Box 33","Nelspruit","1200","","","","","","013 231 8156","WBNEW1.5L","W/B Spring Water Still 12x1,5L",10,1034.80,17
"Spar","Waterberg NEW",23/07/2025,"IN-422496","P1647","SPAR LOWVELD GROUP (602086)(30 DS - I)","P.O. Box 33","Nelspruit","1200","","","","","","013 231 8156","WBNEW500","W/B Spring Water Still 24x500ml",5,630.45,17
"Spar","Waterberg NEW",23/07/2025,"IN-422496","P1647","SPAR LOWVELD GROUP (602086)(30 DS - I)","P.O. Box 33","Nelspruit","1200","","","","","","013 231 8156","WBNEW750","W/B Spring Water Still 12x750ml",10,921.70,17
"Engen","SG - Wrigley's",23/07/2025,"IN-422497","P3400","ENGEN BURGERSFORT (I)","P.O. Box 1474","Mulbarton","","2059","2484 Dirk Winterbak Str ext 13","Next to OK mini Market","Burgersfort","1150","013 231 7692","AIR203","Wrigley Gum Airwave  Blackcurrent 30",1,295.20,17
"Engen","SG - Wrigley's",23/07/2025,"IN-422497","P3400","ENGEN BURGERSFORT (I)","P.O. Box 1474","Mulbarton","","2059","2484 Dirk Winterbak Str ext 13","Next to OK mini Market","Burgersfort","1150","013 231 7692","AIR205","Wrigley Gum Airwave  Cherry Menthol 30",1,295.20,17
"Engen","SG - Wrigley's",23/07/2025,"IN-422497","P3400","ENGEN BURGERSFORT (I)","P.O. Box 1474","Mulbarton","","2059","2484 Dirk Winterbak Str ext 13","Next to OK mini Market","Burgersfort","1150","013 231 7692","AIR206","Wrigley Gum Airwaves Black Mint 30",1,295.20,17
"Engen","SG - Mars",23/07/2025,"IN-422497","P3400","ENGEN BURGERSFORT (I)","P.O. Box 1474","Mulbarton","","2059","2484 Dirk Winterbak Str ext 13","Next to OK mini Market","Burgersfort","1150","013 231 7692","MAR301","Bounty Bars 24x57g",1,350.16,17
"Engen","SG - Mars",23/07/2025,"IN-422497","P3400","ENGEN BURGERSFORT (I)","P.O. Box 1474","Mulbarton","","2059","2484 Dirk Winterbak Str ext 13","Next to OK mini Market","Burgersfort","1150","013 231 7692","MAR502","M & M Milk Choc Peanut 24x45g",1,347.28,17
"Engen","SG - Wrigley's",23/07/2025,"IN-422497","P3400","ENGEN BURGERSFORT (I)","P.O. Box 1474","Mulbarton","","2059","2484 Dirk Winterbak Str ext 13","Next to OK mini Market","Burgersfort","1150","013 231 7692","ORB172","Wrigley OTC Orbit Bubblemint 30",1,256.20,17
"Engen","SG - Wrigley's",23/07/2025,"IN-422497","P3400","ENGEN BURGERSFORT (I)","P.O. Box 1474","Mulbarton","","2059","2484 Dirk Winterbak Str ext 13","Next to OK mini Market","Burgersfort","1150","013 231 7692","ORB176","Wrigley OTC Orbit Prof White 30",1,256.20,17
"Engen","Sweets",23/07/2025,"IN-422497","P3400","ENGEN BURGERSFORT (I)","P.O. Box 1474","Mulbarton","","2059","2484 Dirk Winterbak Str ext 13","Next to OK mini Market","Burgersfort","1150","013 231 7692","QSCHOC001","QS&Co Engen Choc Peanuts 30x65g",1,472.50,17
"Engen","Sweets",23/07/2025,"IN-422497","P3400","ENGEN BURGERSFORT (I)","P.O. Box 1474","Mulbarton","","2059","2484 Dirk Winterbak Str ext 13","Next to OK mini Market","Burgersfort","1150","013 231 7692","QSCHOC002","QS&Co Engen Choc Raisins 30x65g",1,472.50,17
"Engen","Sweets",23/07/2025,"IN-422497","P3400","ENGEN BURGERSFORT (I)","P.O. Box 1474","Mulbarton","","2059","2484 Dirk Winterbak Str ext 13","Next to OK mini Market","Burgersfort","1150","013 231 7692","QSCHOC003","QS&Co Engen Choc Shortcake 30x65g",1,487.80,17
"OK","SG - Wrigley's",23/07/2025,"IN-422498","P160","ENGEN Q TEMBA FILLING STATION  (7 D - I)","P.O. Box 1100","Steelpoort","1133","","Dirk Winterbach Street","","Burgersfort","1150","013 231 7566","AIR201","Wrigley Gum Airwave  Menth/Eucyl 30",1,295.20,17
"OK","SG - Wrigley's",23/07/2025,"IN-422498","P160","ENGEN Q TEMBA FILLING STATION  (7 D - I)","P.O. Box 1100","Steelpoort","1133","","Dirk Winterbach Street","","Burgersfort","1150","013 231 7566","AIR205","Wrigley Gum Airwave  Cherry Menthol 30",1,295.20,17
"ALL Other","SG - Wrigley's",23/07/2025,"IN-422499","P3560","INZUBEX PTY LTD (7 DAYS EFT )","PO BOX 145","THORNHILL BENDOR","POLOKWANE","0884","CNR R37 ROAD AND BOTHAS HOEK","BURGERSFORT","","","015 298 8531","AIR201","Wrigley Gum Airwave  Menth/Eucyl 30",1,295.20,17
"ALL Other","SG - Wrigley's",23/07/2025,"IN-422499","P3560","INZUBEX PTY LTD (7 DAYS EFT )","PO BOX 145","THORNHILL BENDOR","POLOKWANE","0884","CNR R37 ROAD AND BOTHAS HOEK","BURGERSFORT","","","015 298 8531","ORB174","Wrigley OTC Orbit Spearmint 30",1,256.20,17
"ALL Other","SG - Wrigley's",23/07/2025,"IN-422499","P3560","INZUBEX PTY LTD (7 DAYS EFT )","PO BOX 145","THORNHILL BENDOR","POLOKWANE","0884","CNR R37 ROAD AND BOTHAS HOEK","BURGERSFORT","","","015 298 8531","ORB176","Wrigley OTC Orbit Prof White 30",1,256.20,17
"ALL Other","Biltong",23/07/2025,"IN-422499","P3560","INZUBEX PTY LTD (7 DAYS EFT )","PO BOX 145","THORNHILL BENDOR","POLOKWANE","0884","CNR R37 ROAD AND BOTHAS HOEK","BURGERSFORT","","","015 298 8531","ZT201","Taki S/P Stokkies Chilli 20X40G",1,545.70,17
"ALL Other","Biltong",23/07/2025,"IN-422499","P3560","INZUBEX PTY LTD (7 DAYS EFT )","PO BOX 145","THORNHILL BENDOR","POLOKWANE","0884","CNR R37 ROAD AND BOTHAS HOEK","BURGERSFORT","","","015 298 8531","ZT203","Taki Sliced P/Peri 20x50g",1,545.70,17
"ALL Other","Sweets",23/07/2025,"IN-422500","P3982","BA TAU INVESTMENTS (CAD)","6 KERK STR","POLOKWANE","","","C/O D2537&D4140 FRAKFAT FARM","BURGERSFORT","","","082 424 3251","B012863","Maynards Mini Teddies Disp. 24x60g NEW",1,258.13,17
"ALL Other","Sweets",23/07/2025,"IN-422500","P3982","BA TAU INVESTMENTS (CAD)","6 KERK STR","POLOKWANE","","","C/O D2537&D4140 FRAKFAT FARM","BURGERSFORT","","","082 424 3251","B012871","Maynards Orig W/Gums Disp 24x60G NEW",1,258.13,17
"ALL Other","Sweets",23/07/2025,"IN-422500","P3982","BA TAU INVESTMENTS (CAD)","6 KERK STR","POLOKWANE","","","C/O D2537&D4140 FRAKFAT FARM","BURGERSFORT","","","082 424 3251","B3155","Beacon Slab Milk 12x80g",1,164.66,17
"ALL Other","Sweets",23/07/2025,"IN-422500","P3982","BA TAU INVESTMENTS (CAD)","6 KERK STR","POLOKWANE","","","C/O D2537&D4140 FRAKFAT FARM","BURGERSFORT","","","082 424 3251","B3156","Beacon Slab Hazel Heaven 12x80g",1,164.66,17
"ALL Other","Diplomat",23/07/2025,"IN-422500","P3982","BA TAU INVESTMENTS (CAD)","6 KERK STR","POLOKWANE","","","C/O D2537&D4140 FRAKFAT FARM","BURGERSFORT","","","082 424 3251","C677140","Cadbury Whole Nut Slab 80g 1x12",1,235.73,17
"ALL Other","Diplomat",23/07/2025,"IN-422500","P3982","BA TAU INVESTMENTS (CAD)","6 KERK STR","POLOKWANE","","","C/O D2537&D4140 FRAKFAT FARM","BURGERSFORT","","","082 424 3251","C677142","Cadbury Fruit&Nut Slab 80g 1x12",1,235.73,17
"ALL Other","Diplomat",23/07/2025,"IN-422500","P3982","BA TAU INVESTMENTS (CAD)","6 KERK STR","POLOKWANE","","","C/O D2537&D4140 FRAKFAT FARM","BURGERSFORT","","","082 424 3251","C677146","Cadbury Mint Crisp Slab 80g 1x12",1,235.73,17
"ALL Other","Diplomat",23/07/2025,"IN-422500","P3982","BA TAU INVESTMENTS (CAD)","6 KERK STR","POLOKWANE","","","C/O D2537&D4140 FRAKFAT FARM","BURGERSFORT","","","082 424 3251","C677149","Cadbury Milk Slab 80g 1x12",1,235.73,17
"ALL Other","Diplomat",23/07/2025,"IN-422500","P3982","BA TAU INVESTMENTS (CAD)","6 KERK STR","POLOKWANE","","","C/O D2537&D4140 FRAKFAT FARM","BURGERSFORT","","","082 424 3251","C677150","Cadbury Top Deck Slab 80g 1x12",1,235.73,17
"ALL Other","Vapes",23/07/2025,"IN-422500","P3982","BA TAU INVESTMENTS (CAD)","6 KERK STR","POLOKWANE","","","C/O D2537&D4140 FRAKFAT FARM","BURGERSFORT","","","082 424 3251","TROB007","Tropic Bar 900 Puff Blue/Razz/Lemon",1,713,17
"ALL Other","Biltong",23/07/2025,"IN-422500","P3982","BA TAU INVESTMENTS (CAD)","6 KERK STR","POLOKWANE","","","C/O D2537&D4140 FRAKFAT FARM","BURGERSFORT","","","082 424 3251","ZT203","Taki Sliced P/Peri 20x50g",1,545.70,17
"Sasol","Mageu",23/07/2025,"IN-422501","P2163","SASOL S/POORT EVEN GRAND TRAD.(2,5%)(I)","P. O. Box 818","Tzaneen","0850","","Main Street","","Steelpoort","0850","015 230 9773 THOMAS","MA004","Mageu  Mabele  10x500ml",2,206.72,17
"Sasol","Mageu",23/07/2025,"IN-422501","P2163","SASOL S/POORT EVEN GRAND TRAD.(2,5%)(I)","P. O. Box 818","Tzaneen","0850","","Main Street","","Steelpoort","0850","015 230 9773 THOMAS","MA013","Mageu  Mabele 10x1lt",2,296.46,17
"Sasol","The Beverage Co",23/07/2025,"IN-422501","P2163","SASOL S/POORT EVEN GRAND TRAD.(2,5%)(I)","P. O. Box 818","Tzaneen","0850","","Main Street","","Steelpoort","0850","015 230 9773 THOMAS","P5500107","Super C Can Apple 6x4x500ml",3,465.51,17
"Sasol","The Beverage Co",23/07/2025,"IN-422501","P2163","SASOL S/POORT EVEN GRAND TRAD.(2,5%)(I)","P. O. Box 818","Tzaneen","0850","","Main Street","","Steelpoort","0850","015 230 9773 THOMAS","P5500109","Super C Can Mixed Berry 6x4x500ml",4,620.68,17
"Sasol","The Beverage Co",23/07/2025,"IN-422501","P2163","SASOL S/POORT EVEN GRAND TRAD.(2,5%)(I)","P. O. Box 818","Tzaneen","0850","","Main Street","","Steelpoort","0850","015 230 9773 THOMAS","P660185","Super C Org Sparkling Glucose 6x4x500ml",5,775.85,17
"Sasol","Snack a Juice",23/07/2025,"IN-422501","P2163","SASOL S/POORT EVEN GRAND TRAD.(2,5%)(I)","P. O. Box 818","Tzaneen","0850","","Main Street","","Steelpoort","0850","015 230 9773 THOMAS","SJ203","Snack a Juice Mango S/C 100% 24x500ml",1,343.92,17
"Sasol","Snack a Juice",23/07/2025,"IN-422501","P2163","SASOL S/POORT EVEN GRAND TRAD.(2,5%)(I)","P. O. Box 818","Tzaneen","0850","","Main Street","","Steelpoort","0850","015 230 9773 THOMAS","SJ208","Snack a Juice Cranb S/C 100% 24x500ml",1,343.92,17
"Sasol","Waterberg NEW",23/07/2025,"IN-422501","P2163","SASOL S/POORT EVEN GRAND TRAD.(2,5%)(I)","P. O. Box 818","Tzaneen","0850","","Main Street","","Steelpoort","0850","015 230 9773 THOMAS","WBNEW1.5L","W/B Spring Water Still 12x1,5L",13,1356.52,17
"ALL Other","Waterberg",23/07/2025,"IN-422502","P321","CHEAP CHEAP (3%) (7 D -I)","P.O Box 132","Burgersfort","","1150","38 Dirk Winterbach Street","","Burgersfort","1150","013 231 7764","GO-WB5","W/Berg Still 1x5lt each",20,304.35,17
"ALL Other","The Beverage Co",23/07/2025,"IN-422502","P321","CHEAP CHEAP (3%) (7 D -I)","P.O Box 132","Burgersfort","","1150","38 Dirk Winterbach Street","","Burgersfort","1150","013 231 7764","P861301","Pepsi Cola Pet 12x500ml",1,109,17
"ALL Other","The Beverage Co",23/07/2025,"IN-422502","P321","CHEAP CHEAP (3%) (7 D -I)","P.O Box 132","Burgersfort","","1150","38 Dirk Winterbach Street","","Burgersfort","1150","013 231 7764","P861302","Pepsi Max Pet 12x500ml",1,109,17
"ALL Other","Waterberg NEW",23/07/2025,"IN-422502","P321","CHEAP CHEAP (3%) (7 D -I)","P.O Box 132","Burgersfort","","1150","38 Dirk Winterbach Street","","Burgersfort","1150","013 231 7764","WBNEW1.5L","W/B Spring Water Still 12x1,5L",13,1356.52,17
"ALL Other","Waterberg NEW",23/07/2025,"IN-422502","P321","CHEAP CHEAP (3%) (7 D -I)","P.O Box 132","Burgersfort","","1150","38 Dirk Winterbach Street","","Burgersfort","1150","013 231 7764","WBNEW750","W/B Spring Water Still 12x750ml",13,1194.78,17
